PRAGMA foreign_keys=OFF;
BEGIN TRANSACTION;
CREATE TABLE attacks (
	char VARCHAR(20) NOT NULL, 
	move VARCHAR(20) NOT NULL, 
	start INTEGER, 
	"end" INTEGER, 
	total INTEGER, 
	iasa INTEGER, 
	ld_fl_spec INTEGER, 
	stun INTEGER, 
	percent FLOAT, 
	percent_weak FLOAT, 
	notes VARCHAR(200), 
	auto_cancel_s INTEGER, 
	auto_cancel_e INTEGER, 
	land_lag INTEGER, 
	cancel_lag INTEGER, 
	PRIMARY KEY (char, move)
);
INSERT INTO attacks VALUES('captain_falcon','jab1',3,5,21,16,-1,2,2.0,NULL,NULL,-1,-1,-1,-1);
INSERT INTO attacks VALUES('captain_falcon','jab2',4,6,19,18,-1,3,3.0,NULL,NULL,-1,-1,-1,-1);
INSERT INTO attacks VALUES('captain_falcon','jab3',5,11,31,22,-1,5,8.0,6.0,'weak hitbox frame 9-11',-1,-1,-1,-1);
INSERT INTO attacks VALUES('captain_falcon','ftilt',9,11,29,NULL,-1,6,11.0,NULL,NULL,-1,-1,-1,-1);
INSERT INTO attacks VALUES('captain_falcon','utilt',17,21,39,38,-1,7,13.0,NULL,NULL,-1,-1,-1,-1);
INSERT INTO attacks VALUES('captain_falcon','dtilt',10,15,35,35,-1,7,12.0,NULL,NULL,-1,-1,-1,-1);
INSERT INTO attacks VALUES('captain_falcon','fsmash',18,21,64,60,-1,10,20.0,19.0,NULL,-1,-1,-1,-1);
INSERT INTO attacks VALUES('captain_falcon','usmash',21,28,54,40,-1,7,27.0,20.0,'active 21-22 and 27-28, first hit can do 8% or 14%, second hit can do 12%-13%',-1,-1,-1,-1);
INSERT INTO attacks VALUES('captain_falcon','dsmash',19,32,49,45,-1,10,18.0,16.0,'front (strong) hit is frame 19-22, back (weak) hit is frame 29-32',-1,-1,-1,-1);
INSERT INTO attacks VALUES('captain_falcon','dattack',7,16,39,38,-1,6,10.0,7.0,'weak hitbox frame 10-16',-1,-1,-1,-1);
INSERT INTO attacks VALUES('captain_falcon','fair',14,30,39,36,34,10,18.0,6.0,'strong hitbox frame 14-16',7,34,19,9);
INSERT INTO attacks VALUES('fox','jab1',2,3,17,16,-1,3,4.0,NULL,NULL,-1,-1,-1,-1);
INSERT INTO attacks VALUES('fox','jab2',2,3,19,18,-1,3,4.0,NULL,NULL,-1,-1,-1,-1);
INSERT INTO attacks VALUES('fox','ftilt',5,8,26,NULL,-1,6,9.0,NULL,'all angles have the same stats',-1,-1,-1,-1);
INSERT INTO attacks VALUES('fox','utilt',5,11,23,23,-1,7,9.0,0.0,NULL,-1,-1,-1,-1);
INSERT INTO attacks VALUES('fox','dtilt',7,9,29,28,-1,6,10.0,NULL,NULL,-1,-1,-1,-1);
INSERT INTO attacks VALUES('fox','fsmash',12,22,39,NULL,-1,8,15.0,12.0,'weak hitbox frame 17-22',-1,-1,-1,-1);
INSERT INTO attacks VALUES('fox','usmash',7,17,41,NULL,-1,10,18.0,13.0,'strong hitbox frame 7-9',-1,-1,-1,-1);
INSERT INTO attacks VALUES('fox','dsmash',6,10,49,46,-1,8,15.0,12.0,NULL,-1,-1,-1,-1);
INSERT INTO attacks VALUES('fox','dattack',4,17,39,36,-1,5,7.0,5.0,'strong hitbox frame 4-7',-1,-1,-1,-1);
INSERT INTO attacks VALUES('falco','jab1',2,3,17,16,-1,3,4.0,NULL,NULL,-1,-1,-1,-1);
INSERT INTO attacks VALUES('falco','jab2',2,3,19,18,-1,3,4.0,NULL,NULL,-1,-1,-1,-1);
INSERT INTO attacks VALUES('falco','ftilt',5,9,26,NULL,-1,6,9.0,NULL,'all angles have the same stats',-1,-1,-1,-1);
INSERT INTO attacks VALUES('captain_falcon','bair',10,17,35,29,-1,8,14.0,8.0,'weak hit frame 14-17',7,20,18,9);
INSERT INTO attacks VALUES('captain_falcon','uair',6,14,33,30,-1,7,13.0,6.0,'Notes - strong hitbox frame 6-10, move can do anywhere from 6 to 13 damage',1,21,15,7);
INSERT INTO attacks VALUES('captain_falcon','dair',16,20,44,38,24,9,16.0,NULL,NULL,4,35,24,12);
INSERT INTO attacks VALUES('fox','nair',4,31,49,42,-1,7,12.0,9.0,'strong hitbox frame 4-7',4,36,15,7);
INSERT INTO attacks VALUES('captain_falcon','nair',7,29,44,NULL,-1,5,7.0,6.0,'active frame 7-12 and 20-29, 2nd hit is the strong hit',4,33,15,7);
INSERT INTO attacks VALUES('fox','fair',6,45,59,53,-1,5,7.0,3.0,'5 hits, 2 frames each, with average 7 frames between them. % damage in descending order',6,48,22,11);
INSERT INTO attacks VALUES('fox','bair',4,19,39,38,-1,8,15.0,9.0,'strong hit frame 4-7',4,22,20,10);
INSERT INTO attacks VALUES('fox','uair',8,14,39,NULL,-1,7,13.0,5.0,'strong hit frame 11-14',8,25,18,9);
INSERT INTO attacks VALUES('fox','dair',5,27,49,NULL,-1,3,3.0,2.0,'active 1 frame at a time with 2 frame breaks, 8 hits total',5,33,18,9);
INSERT INTO attacks VALUES('falco','utilt',5,11,23,23,-1,6,9.0,NULL,NULL,-1,-1,-1,-1);
INSERT INTO attacks VALUES('falco','dtilt',7,9,29,28,-1,7,13.0,NULL,NULL,-1,-1,-1,-1);
INSERT INTO attacks VALUES('falco','fsmash',12,21,39,NULL,-1,9,17.0,14.0,'weak hit frame 17-21',-1,-1,-1,-1);
INSERT INTO attacks VALUES('falco','usmash',7,15,43,NULL,-1,8,14.0,12.0,'strong hit frame 7-10',-1,-1,-1,-1);
INSERT INTO attacks VALUES('falco','dsmash',6,10,49,46,-1,9,16.0,13.0,NULL,-1,-1,-1,-1);
INSERT INTO attacks VALUES('falco','dattack',4,17,39,36,-1,6,9.0,6.0,'strong hit frame 4-7',-1,-1,-1,-1);
INSERT INTO attacks VALUES('falco','nair',4,31,49,42,-1,7,12.0,9.0,'strong hit frame 4-7',4,36,15,7);
INSERT INTO attacks VALUES('falco','fair',6,45,59,53,-1,6,9.0,3.0,' 5 hits, 2 frames each, with average 7 frames between them. % damage in descending order',6,48,22,11);
INSERT INTO attacks VALUES('falco','bair',4,19,39,38,-1,8,15.0,9.0,'strong hit frame 4-7',4,22,20,10);
INSERT INTO attacks VALUES('falco','uair',8,14,39,36,-1,6,10.0,6.0,'strong hit frame 11-14',8,25,18,9);
INSERT INTO attacks VALUES('captain_falcon','down_b',14,32,64,NULL,NULL,NULL,15.0,9.0,'can also do 12% damage. strong hit frames 14-16, weaker hit frames 17-24, weakest hit frames 25-32',-1,-1,NULL,-1);
INSERT INTO attacks VALUES('captain_falcon','adown_b',15,29,57,NULL,NULL,NULL,13.0,9.0,'can also do 11% damage. landing lag only occurs if ground hitbox is activated, which is also the weak hitbox',-1,-1,45,22);
INSERT INTO attacks VALUES('donkey_kong','jab1',5,7,24,NULL,-1,3,4.0,NULL,NULL,-1,-1,-1,NULL);
INSERT INTO attacks VALUES('donkey_kong','jab2',4,10,33,NULL,-1,4,6.0,NULL,NULL,-1,-1,-1,NULL);
INSERT INTO attacks VALUES('donkey_kong','ftilt',8,11,33,NULL,-1,6,10.0,NULL,'angled up does 11%, angled down does 9%',-1,-1,-1,NULL);
INSERT INTO attacks VALUES('donkey_kong','utilt',6,11,39,NULL,-1,6,11.0,9.0,'can also do 10%',-1,-1,-1,NULL);
INSERT INTO attacks VALUES('donkey_kong','dtilt',6,9,22,NULL,-1,5,7.0,NULL,NULL,-1,-1,-1,NULL);
INSERT INTO attacks VALUES('donkey_kong','fsmash',22,23,54,NULL,-1,11,21.0,18.0,'can also do 20, 19%',-1,-1,-1,NULL);
INSERT INTO attacks VALUES('donkey_kong','usmash',14,16,53,NULL,-1,10,18.0,NULL,NULL,-1,-1,-1,NULL);
INSERT INTO attacks VALUES('donkey_kong','dsmash',10,13,55,NULL,-1,9,16.0,14.0,NULL,-1,-1,-1,NULL);
INSERT INTO attacks VALUES('donkey_kong','dattack',9,20,54,NULL,-1,6,11.0,9.0,'strong hitbox frame 9-12',-1,-1,-1,NULL);
INSERT INTO attacks VALUES('donkey_kong','nair',10,26,43,39,-1,7,12.0,10.0,'strong hitbox frame 10-13',10,38,20,10);
INSERT INTO attacks VALUES('donkey_kong','fair',25,29,59,NULL,-1,9,16.0,NULL,'frame 25-26 is the meteor hitbox',1,59,30,15);
INSERT INTO attacks VALUES('donkey_kong','bair',7,15,39,32,-1,7,13.0,9.0,'strong hit box frame 7-8',7,19,15,7);
INSERT INTO attacks VALUES('donkey_kong','uair',6,8,44,38,-1,8,14.0,NULL,NULL,6,12,25,12);
INSERT INTO attacks VALUES('donkey_kong','dair',18,23,54,NULL,-1,9,16.0,13.0,NULL,3,49,31,15);
INSERT INTO attacks VALUES('marth','jab1',4,7,27,26,-1,4,6.0,4.0,NULL,-1,-1,-1,NULL);
INSERT INTO attacks VALUES('marth','jab2',4,8,27,26,-1,4,6.0,4.0,NULL,-1,-1,-1,NULL);
INSERT INTO attacks VALUES('marth','ftilt',7,10,35,NULL,-1,7,13.0,9.0,NULL,-1,-1,-1,NULL);
INSERT INTO attacks VALUES('marth','utilt',6,12,39,32,-1,6,13.0,9.0,'can do between 9% and 13%',-1,-1,-1,NULL);
INSERT INTO attacks VALUES('marth','dtilt',7,9,49,20,-1,6,10.0,8.0,'can also do 9%',-1,-1,-1,NULL);
INSERT INTO attacks VALUES('marth','fsmash',10,13,49,48,-1,10,20.0,14.0,NULL,-1,-1,-1,NULL);
INSERT INTO attacks VALUES('marth','usmash',13,16,54,46,-1,10,18.0,8.0,'can also do 15%. weak hit has half the shieldstun',-1,-1,-1,NULL);
INSERT INTO attacks VALUES('marth','dsmash',5,22,64,62,-1,9,16.0,11.0,'active frame 5-7, 20-22, weak hit has 6 frames shieldstun',-1,-1,-1,NULL);
INSERT INTO attacks VALUES('marth','dattack',12,15,49,40,-1,7,12.0,9.0,'can also do 11% damage',-1,-1,-1,NULL);
INSERT INTO attacks VALUES('marth','nair',6,21,49,NULL,-1,6,10.0,4.0,'active frame 6-7, 15-21, weakhit has half the shieldstun',6,24,15,7);
INSERT INTO attacks VALUES('marth','bair',7,11,39,35,-1,6,10.0,9.0,NULL,1,31,24,12);
INSERT INTO attacks VALUES('marth','uair',5,8,45,NULL,-1,7,13.0,9.0,'can also do 10%',5,26,15,7);
INSERT INTO attacks VALUES('marth','dair',6,9,59,NULL,-1,7,13.0,9.0,'can also do 10%',6,47,32,16);
INSERT INTO attacks VALUES('marth','fair',4,7,33,30,-1,7,13.0,9.0,'can also do 10%',1,26,15,7);
INSERT INTO attacks VALUES('dr._mario','jab1',2,3,15,NULL,-1,3,4.0,NULL,NULL,-1,-1,-1,NULL);
INSERT INTO attacks VALUES('dr._mario','jab2',2,3,17,NULL,-1,3,3.0,NULL,NULL,-1,-1,-1,NULL);
INSERT INTO attacks VALUES('dr._mario','jab3',4,8,21,NULL,-1,4,6.0,NULL,NULL,-1,-1,-1,NULL);
INSERT INTO attacks VALUES('dr._mario','ftilt',4,8,29,NULL,-1,5,8.0,NULL,NULL,-1,-1,-1,NULL);
INSERT INTO attacks VALUES('dr._mario','utilt',4,13,30,30,-1,6,10.0,8.0,'weak hit frames 5-13',-1,-1,-1,NULL);
INSERT INTO attacks VALUES('dr._mario','dtilt',5,8,34,NULL,-1,6,9.0,NULL,NULL,-1,-1,-1,NULL);
INSERT INTO attacks VALUES('dr._mario','fsmash',12,16,41,NULL,-1,10,19.0,NULL,NULL,-1,-1,-1,NULL);
INSERT INTO attacks VALUES('dr._mario','usmash',9,11,39,NULL,-1,9,16.0,13.0,'weak hit frame 11',-1,-1,-1,NULL);
INSERT INTO attacks VALUES('dr._mario','dsmash',5,15,37,NULL,-1,10,18.0,15.0,'front hit frames 5-6, back hit frames 14-15. weak hit is the second frame of each, 17% for front hit 13% for back',-1,-1,-1,NULL);
INSERT INTO attacks VALUES('dr._mario','dattack',6,25,43,38,-1,6,9.0,8.0,'weak hit frames 10-25',-1,-1,-1,NULL);
INSERT INTO attacks VALUES('dr._mario','nair',3,31,45,NULL,-1,8,14.0,10.0,'weak hit frames 3-19',3,35,18,9);
INSERT INTO attacks VALUES('dr._mario','fair',18,22,74,60,-1,9,17.0,16.0,NULL,3,42,25,12);
INSERT INTO attacks VALUES('dr._mario','bair',6,16,28,NULL,-1,5,8.0,7.0,'weak hit frames 9-16',6,18,18,9);
INSERT INTO attacks VALUES('dr._mario','uair',4,9,33,30,-1,6,10.0,NULL,NULL,2,15,18,9);
INSERT INTO attacks VALUES('dr._mario','dair',10,32,38,38,-1,3,3.0,NULL,'Move active in frame windows 10-11, 13-14, 16-17, 19-20, 22-23, 25-26, 28-29, 31-32',6,35,24,12);
INSERT INTO attacks VALUES('mr._game_&_watch','jab1',4,6,17,16,-1,3,3.0,NULL,NULL,-1,-1,-1,NULL);
INSERT INTO attacks VALUES('mr._game_&_watch','ftilt',13,30,44,42,-1,6,10.0,NULL,NULL,-1,-1,-1,NULL);
INSERT INTO attacks VALUES('mr._game_&_watch','utilt',9,29,NULL,NULL,-1,6,9.0,NULL,NULL,-1,-1,-1,NULL);
INSERT INTO attacks VALUES('mr._game_&_watch','dtilt',6,13,29,26,-1,7,12.0,9.0,NULL,-1,-1,-1,NULL);
INSERT INTO attacks VALUES('mr._game_&_watch','fsmash',13,33,44,42,-1,10,18.0,6.0,'non fire hitbox 14% damage, weak hit frames 17-33 with 4 frames shieldstun',-1,-1,-1,NULL);
INSERT INTO attacks VALUES('mr._game_&_watch','usmash',24,28,44,40,-1,10,18.0,NULL,NULL,-1,-1,-1,NULL);
INSERT INTO attacks VALUES('mr._game_&_watch','dsmash',15,19,34,NULL,-1,9,16.0,10.0,'shield stun for weak hit is 6 frames',-1,-1,-1,NULL);
INSERT INTO attacks VALUES('mr._game_&_watch','dattack',6,29,37,NULL,-1,6,9.0,NULL,NULL,-1,-1,-1,NULL);
INSERT INTO attacks VALUES('mr._game_&_watch','nair',20,29,44,NULL,-1,9,16.0,NULL,NULL,3,44,15,7);
INSERT INTO attacks VALUES('mr._game_&_watch','fair',10,32,44,NULL,-1,9,16.0,6.0,'weak hit frames 13-32, with 4 frames shieldstun',3,44,25,12);
INSERT INTO attacks VALUES('mr._game_&_watch','bair',10,24,39,NULL,-1,4,5.0,NULL,'5 total hits, frame windows 10-12, 13-15, 16-18, 19-21, 22-24',10,39,18,9);
INSERT INTO attacks VALUES('mr._game_&_watch','uair',7,22,39,NULL,-1,6,9.0,7.0,'weak hit frames 7-16, strong hit frames 21-22',7,39,15,7);
INSERT INTO attacks VALUES('mr._game_&_watch','dair',12,38,49,NULL,-1,8,14.0,13.0,'weak hit frames 13-38',6,49,20,10);
INSERT INTO attacks VALUES('ganondorf','jab1',3,5,21,19,-1,5,8.0,7.0,NULL,-1,-1,-1,NULL);
INSERT INTO attacks VALUES('ganondorf','ftilt',9,11,29,NULL,-1,7,13.0,11.0,'also has a 12% damage hitbox ',-1,-1,-1,NULL);
INSERT INTO attacks VALUES('ganondorf','utilt',81,83,114,113,-1,14,27.0,NULL,NULL,-1,-1,-1,NULL);
INSERT INTO attacks VALUES('ganondorf','dtilt',10,12,35,35,-1,7,12.0,NULL,NULL,-1,-1,-1,NULL);
INSERT INTO attacks VALUES('ganondorf','fsmash',20,24,66,60,-1,11,22.0,20.0,NULL,-1,-1,-1,NULL);
INSERT INTO attacks VALUES('ganondorf','usmash',21,29,54,40,-1,11,22.0,19.0,'strong hit frames 21-23, weak hit frames 26-29',-1,-1,-1,NULL);
INSERT INTO attacks VALUES('ganondorf','dsmash',19,32,49,47,-1,8,14.0,8.0,'strong hit frames 29-32, weak hit frames 19-22 with 5 frames shieldstun',-1,-1,-1,NULL);
INSERT INTO attacks VALUES('ganondorf','dattack',7,16,39,38,-1,8,14.0,10.0,'weak hit frames 10-16 with 6 frames shield stun',-1,-1,-1,NULL);
INSERT INTO attacks VALUES('ganondorf','nair',7,21,44,NULL,-1,7,12.0,NULL,'hitboxes frames 7-8, 20-21',4,25,25,12);
INSERT INTO attacks VALUES('ganondorf','fair',14,19,44,35,-1,9,17.0,NULL,NULL,7,33,25,12);
INSERT INTO attacks VALUES('ganondorf','bair',10,15,35,29,-1,9,16.0,NULL,NULL,7,18,25,12);
INSERT INTO attacks VALUES('ganondorf','uair',6,16,33,30,-1,7,13.0,8.0,'hitboxes frames 6-10, 11-13, 14-16, hits can do damage between 6-13%, getting weaker over time',1,21,25,12);
INSERT INTO attacks VALUES('ganondorf','dair',16,20,44,38,-1,11,22.0,NULL,NULL,4,35,35,17);
INSERT INTO attacks VALUES('jigglypuff','jab1',5,6,17,16,-1,3,3.0,NULL,NULL,-1,-1,-1,NULL);
INSERT INTO attacks VALUES('jigglypuff','jab2',5,6,19,16,-1,3,3.0,NULL,NULL,-1,-1,-1,NULL);
INSERT INTO attacks VALUES('jigglypuff','ftilt',6,9,27,NULL,-1,6,10.0,NULL,NULL,-1,-1,-1,NULL);
INSERT INTO attacks VALUES('jigglypuff','utilt',8,14,23,NULL,-1,6,9.0,8.0,'weak hit frames 10-14',-1,-1,-1,NULL);
INSERT INTO attacks VALUES('jigglypuff','dtilt',10,12,39,30,-1,6,10.0,NULL,NULL,-1,-1,-1,NULL);
INSERT INTO attacks VALUES('jigglypuff','fsmash',12,20,44,NULL,-1,9,17.0,13.0,'weak hit frames 16-20',-1,-1,-1,NULL);
INSERT INTO attacks VALUES('jigglypuff','usmash',7,10,54,45,-1,8,15.0,14.0,NULL,-1,-1,-1,NULL);
INSERT INTO attacks VALUES('jigglypuff','dsmash',9,10,54,48,-1,7,12.0,NULL,NULL,-1,-1,-1,NULL);
INSERT INTO attacks VALUES('jigglypuff','dattack',4,14,39,39,-1,7,12.0,8.0,'weak hit frames 9-14',-1,-1,-1,NULL);
INSERT INTO attacks VALUES('jigglypuff','nair',6,28,49,NULL,-1,7,12.0,9.0,'weak hit frames 8-28',6,28,20,10);
INSERT INTO attacks VALUES('jigglypuff','fair',7,22,39,35,-1,7,12.0,7.0,'weak hit frames 9-22, strong hit can also do 10% damage depending on hitbox',7,33,20,10);
INSERT INTO attacks VALUES('jigglypuff','bair',9,12,39,31,-1,7,12.0,NULL,NULL,9,24,20,10);
INSERT INTO attacks VALUES('jigglypuff','uair',9,12,39,38,-1,7,12.0,NULL,NULL,9,36,20,10);
INSERT INTO attacks VALUES('jigglypuff','dair',5,30,49,NULL,-1,2,2.0,NULL,'hitboxes frames 5-6, 8-9, 11-12, 14-15, 17-18, 20-21, 23-24, 26-27, 29-30',5,41,30,15);
INSERT INTO attacks VALUES('kirby','jab1',3,4,17,16,-1,3,3.0,NULL,NULL,-1,-1,-1,NULL);
INSERT INTO attacks VALUES('kirby','jab2',2,3,19,16,-1,3,4.0,NULL,NULL,-1,-1,-1,NULL);
INSERT INTO attacks VALUES('kirby','rjab',2,3,19,NULL,-1,2,1.0,NULL,'final hit end lag = 9 frames',-1,-1,-1,NULL);
INSERT INTO attacks VALUES('kirby','ftilt',5,8,32,28,-1,6,11.0,NULL,NULL,-1,-1,-1,NULL);
INSERT INTO attacks VALUES('kirby','utilt',4,7,23,NULL,-1,5,8.0,6.0,'weak hit frames 5-7',-1,-1,-1,NULL);
INSERT INTO attacks VALUES('kirby','dtilt',4,7,29,NULL,-1,6,10.0,NULL,NULL,-1,-1,-1,NULL);
INSERT INTO attacks VALUES('kirby','fsmash',13,21,49,NULL,-1,8,15.0,13.0,'weak hit frames 16-21',-1,-1,-1,NULL);
INSERT INTO attacks VALUES('kirby','usmash',13,23,49,NULL,-1,8,15.0,12.0,'hits can do anywhere between 12-15%, gets weaker as the move goes on',-1,-1,-1,NULL);
INSERT INTO attacks VALUES('kirby','dsmash',7,22,55,50,-1,8,14.0,NULL,NULL,-1,-1,-1,NULL);
INSERT INTO attacks VALUES('kirby','dattack',9,43,63,60,-1,5,8.0,5.0,'weak hit frames 16-43',-1,-1,-1,NULL);
INSERT INTO attacks VALUES('kirby','nair',10,34,79,50,-1,7,12.0,8.0,'weak hit frames 18-34',10,37,15,7);
INSERT INTO attacks VALUES('kirby','fair',10,26,49,40,-1,5,8.0,5.0,'two hits of 5 damage (frames 10-11, 17-18) and one hit of 8 damage (frames 25-26)',10,37,20,10);
INSERT INTO attacks VALUES('kirby','bair',6,20,43,36,-1,8,14.0,10.0,'weak hit frames 9-20',6,27,15,7);
INSERT INTO attacks VALUES('kirby','uair',11,13,39,36,-1,8,15.0,NULL,NULL,11,16,15,7);
INSERT INTO attacks VALUES('kirby','dair',18,37,59,55,-1,3,3.0,NULL,'hitbox on frames 18-19, 21-22, 24-25, 27-28, 30-31, 33-34, 36-37',18,47,20,10);
INSERT INTO attacks VALUES('link','jab1',6,8,24,20,-1,4,5.0,NULL,NULL,-1,-1,-1,NULL);
INSERT INTO attacks VALUES('link','jab2',6,7,21,17,-1,3,3.0,NULL,NULL,-1,-1,-1,NULL);
INSERT INTO attacks VALUES('link','jab3',6,10,49,32,-1,4,6.0,NULL,NULL,-1,-1,-1,NULL);
INSERT INTO attacks VALUES('link','rjab',9,10,34,NULL,-1,2,1.0,NULL,'7 frame startup, then a 34 frame loop for each hit on frames 2-3, then an additional 10 frames of endlag for rapid jab ending',-1,-1,-1,NULL);
INSERT INTO attacks VALUES('link','ftilt',16,19,39,NULL,-1,6,15.0,13.0,'can also do 14% damage',-1,-1,-1,NULL);
INSERT INTO attacks VALUES('link','utilt',9,15,29,NULL,-1,6,9.0,0.0,NULL,-1,-1,-1,NULL);
INSERT INTO attacks VALUES('link','dtilt',14,16,39,30,-1,6,11.0,0.0,NULL,-1,-1,-1,NULL);
INSERT INTO attacks VALUES('link','fsmash',15,18,49,NULL,-1,9,14.0,13.0,'second hit active frames 10-13, 59 frames total with an IASA Frame 50 and does 18% damage',-1,-1,-1,NULL);
INSERT INTO attacks VALUES('link','usmash',11,43,60,45,-1,8,10.0,2.0,'first hit is frames 11-15 and does 4% damage, second hit is frames 26-28 and does 2% damage, and hit 3 is frames 41-43 and can do 10% or 9% damage',-1,-1,-1,NULL);
INSERT INTO attacks VALUES('link','dsmash',9,23,49,42,-1,9,17.0,11.0,'strong hit frames 9-11 and can do 17% or 16% damage, weak hit frames 21-23 and can do 13% or 11% damage',-1,-1,-1,NULL);
INSERT INTO attacks VALUES('link','dattack',7,12,53,40,-1,7,12.0,9.0,'can also do 11% damage',-1,-1,-1,NULL);
INSERT INTO attacks VALUES('link','nair',4,39,41,36,-1,6,11.0,7.0,'can also do 9% and 8% damage',4,31,15,7);
INSERT INTO attacks VALUES('link','fair',14,33,55,NULL,-1,7,13.0,8.0,'weak hit frames 30-33',1,50,15,7);
INSERT INTO attacks VALUES('link','bair',6,23,39,30,-1,5,7.0,NULL,'both hits do 7% each, hit one is frames 6-9, second hit is frames 18-23',1,28,15,7);
INSERT INTO attacks VALUES('link','uair',5,49,69,60,-1,9,16.0,NULL,NULL,5,55,30,15);
INSERT INTO attacks VALUES('link','dair',13,64,89,80,-1,11,22.0,20.0,'weak hit frames 16-64',13,64,50,25);
INSERT INTO attacks VALUES('luigi','jab1',2,3,15,NULL,-1,3,3.0,NULL,NULL,-1,-1,-1,NULL);
INSERT INTO attacks VALUES('luigi','jab2',2,3,17,NULL,-1,2,2.0,NULL,NULL,-1,-1,-1,NULL);
INSERT INTO attacks VALUES('luigi','jab3',4,5,29,22,-1,4,5.0,NULL,NULL,-1,-1,-1,NULL);
INSERT INTO attacks VALUES('luigi','ftilt',4,8,32,32,-1,6,10.0,NULL,NULL,-1,-1,-1,NULL);
INSERT INTO attacks VALUES('luigi','utilt',4,12,29,NULL,-1,6,9.0,NULL,NULL,-1,-1,-1,NULL);
INSERT INTO attacks VALUES('luigi','dtilt',5,8,34,NULL,-1,6,9.0,NULL,NULL,-1,-1,-1,NULL);
INSERT INTO attacks VALUES('luigi','fsmash',12,13,41,NULL,-1,7,13.0,NULL,NULL,-1,-1,-1,NULL);
INSERT INTO attacks VALUES('luigi','usmash',9,11,39,NULL,-1,9,17.0,NULL,NULL,-1,-1,-1,NULL);
INSERT INTO attacks VALUES('luigi','dsmash',5,15,37,NULL,-1,9,17.0,NULL,'front hit frames 5-6, back hit frames 14-15',-1,-1,-1,NULL);
INSERT INTO attacks VALUES('luigi','dattack',4,37,63,59,-1,NULL,2.0,NULL,'hitboxes frames 4, 10, 16, 22, 29, 37',-1,-1,-1,NULL);
INSERT INTO attacks VALUES('luigi','nair',3,31,45,NULL,-1,8,15.0,8.0,'weak hit frames 7-31 with 5 frames shield stun',3,35,15,7);
INSERT INTO attacks VALUES('luigi','fair',7,10,34,33,-1,7,12.0,NULL,NULL,2,19,25,12);
INSERT INTO attacks VALUES('luigi','bair',6,17,28,NULL,-1,6,11.0,NULL,NULL,6,18,15,7);
INSERT INTO attacks VALUES('luigi','uair',5,7,33,30,-1,7,13.0,NULL,NULL,2,15,15,7);
INSERT INTO attacks VALUES('luigi','dair',10,14,32,29,-1,9,16.0,NULL,NULL,6,23,18,9);
INSERT INTO attacks VALUES('mario','jab1',2,3,15,NULL,-1,3,3.0,NULL,NULL,-1,-1,-1,NULL);
INSERT INTO attacks VALUES('mario','jab2',2,3,17,NULL,-1,2,2.0,NULL,NULL,-1,-1,-1,NULL);
INSERT INTO attacks VALUES('mario','jab3',4,8,21,NULL,-1,4,5.0,NULL,NULL,-1,-1,-1,NULL);
INSERT INTO attacks VALUES('mario','ftilt',5,7,32,NULL,-1,6,9.0,NULL,NULL,-1,-1,-1,NULL);
INSERT INTO attacks VALUES('mario','utilt',4,12,30,30,-1,5,8.0,NULL,NULL,-1,-1,-1,NULL);
INSERT INTO attacks VALUES('mario','dtilt',5,8,34,NULL,-1,6,9.0,8.0,NULL,-1,-1,-1,NULL);
INSERT INTO attacks VALUES('mario','fsmash',12,16,41,NULL,-1,10,18.0,11.0,'weak hit can also do 10% damage, has 6 frames shield stun',-1,-1,-1,NULL);
INSERT INTO attacks VALUES('mario','usmash',9,11,39,NULL,-1,8,15.0,NULL,NULL,-1,-1,-1,NULL);
INSERT INTO attacks VALUES('mario','dsmash',5,14,37,NULL,-1,9,16.0,12.0,'front (strong) hit frames 5-6, weak (back) hit frame 14 with 7 frames shield stun, can also do 10% damage',-1,-1,-1,NULL);
INSERT INTO attacks VALUES('mario','dattack',6,25,48,38,-1,6,9.0,7.0,'weak hit frames 10-25',-1,-1,-1,NULL);
INSERT INTO attacks VALUES('mario','nair',3,32,45,NULL,-1,7,12.0,8.0,'weak hit frames 7-32 with 5 frames shield stun',3,35,16,8);
INSERT INTO attacks VALUES('mario','fair',18,22,74,60,-1,8,15.0,NULL,NULL,3,42,21,10);
INSERT INTO attacks VALUES('mario','bair',6,17,28,NULL,-1,6,11.0,9.0,'weak hit frames 9-17',6,18,15,7);
INSERT INTO attacks VALUES('mario','uair',4,9,33,30,-1,6,11.0,NULL,NULL,2,15,15,7);
INSERT INTO attacks VALUES('mario','dair',10,32,38,38,-1,2,2.0,NULL,'8 hits each dealing 2% damage (frames 10-11, 13-14, 16-17, 19-20, 22-23, 25-26, 28-29, 31-32)',6,35,23,11);
INSERT INTO attacks VALUES('mewtwo','jab1',8,8,29,26,-1,4,6.0,NULL,NULL,-1,-1,-1,NULL);
INSERT INTO attacks VALUES('mewtwo','rjab',7,49,50,NULL,-1,2,2.0,NULL,'rapid jab takes 7 frames to start, then an addition 7 frames for the first hitbox to come out. Single frame hitbox comes out every 7 frames. After last hitbox there is an additional 13 frame cooldown',-1,-1,-1,NULL);
INSERT INTO attacks VALUES('mewtwo','ftilt',6,8,31,29,-1,6,10.0,5.0,'can also do 8% damage',-1,-1,-1,NULL);
INSERT INTO attacks VALUES('mewtwo','utilt',6,11,31,28,-1,6,10.0,5.0,'Can do 10, 8, 6, or 5% damage',-1,-1,-1,NULL);
INSERT INTO attacks VALUES('mewtwo','dtilt',5,7,29,20,-1,6,9.0,5.0,'can also do 8% damage',-1,-1,-1,NULL);
INSERT INTO attacks VALUES('mewtwo','fsmash',18,19,59,52,-1,10,20.0,12.0,'weak hit has 7 frames shield stun',-1,-1,-1,NULL);
INSERT INTO attacks VALUES('mewtwo','usmash',9,38,79,70,-1,6,10.0,1.0,'6 weak hitboxes lasting 2 frames each with 2 frame breaks inbetwwen, storng hit frames 37-38',-1,-1,-1,NULL);
INSERT INTO attacks VALUES('mewtwo','dsmash',20,21,59,38,-1,8,15.0,NULL,NULL,-1,-1,-1,NULL);
INSERT INTO attacks VALUES('mewtwo','dattack',10,29,49,38,-1,6,9.0,6.0,'weak hit frames 15-29',-1,-1,-1,NULL);
INSERT INTO attacks VALUES('mewtwo','nair',5,42,54,45,-1,3,4.0,2.0,'9 weak hits (can do 2% or 1% damage) followed by strong hit at frames 41-42. Weak hits last 2 frames each ',5,43,26,13);
INSERT INTO attacks VALUES('mewtwo','fair',5,7,39,36,-1,8,14.0,NULL,NULL,1,34,25,12);
INSERT INTO attacks VALUES('mewtwo','bair',12,15,31,NULL,-1,7,13.0,9.0,'can also do 11% damage',3,29,28,14);
INSERT INTO attacks VALUES('mewtwo','uair',9,11,37,35,-1,8,14.0,10.0,'can also do 12% damage',4,32,20,10);
INSERT INTO attacks VALUES('mewtwo','dair',18,21,57,47,-1,9,16.0,14.0,'can also do 15% damage',6,44,28,14);
INSERT INTO attacks VALUES('ness','jab1',3,4,19,NULL,-1,3,3.0,NULL,NULL,-1,-1,-1,NULL);
INSERT INTO attacks VALUES('ness','jab2',3,4,19,NULL,-1,2,2.0,NULL,NULL,-1,-1,-1,NULL);
INSERT INTO attacks VALUES('ness','jab3',6,9,29,NULL,-1,3,4.0,NULL,NULL,-1,-1,-1,NULL);
INSERT INTO attacks VALUES('ness','ftilt',7,11,34,NULL,-1,6,11.0,NULL,NULL,-1,-1,-1,NULL);
INSERT INTO attacks VALUES('ness','utilt',5,9,39,32,-1,5,7.0,NULL,NULL,-1,-1,-1,NULL);
INSERT INTO attacks VALUES('ness','dtilt',3,5,13,NULL,-1,3,3.0,NULL,NULL,-1,-1,-1,NULL);
INSERT INTO attacks VALUES('ness','fsmash',16,17,49,NULL,-1,12,24.0,28.0,'can also do 22% and 20% damage',-1,-1,-1,NULL);
INSERT INTO attacks VALUES('ness','usmash',12,31,49,49,-1,6,9.0,6.0,'weak hit frames 15-31',-1,-1,-1,NULL);
INSERT INTO attacks VALUES('ness','dsmash',12,31,61,59,-1,6,11.0,4.0,'weak hit frames 13-31, can also do 7% damage',-1,-1,-1,NULL);
INSERT INTO attacks VALUES('ness','dattack',8,22,41,40,-1,4,5.0,4.0,'3 hitboxes, strong one at frame 8, weak ones at frame 15 and 22',-1,-1,-1,NULL);
INSERT INTO attacks VALUES('ness','nair',5,23,39,NULL,-1,6,11.0,8.0,'weak hit frames 13-23',5,26,22,11);
INSERT INTO attacks VALUES('ness','fair',8,24,41,40,-1,4,5.0,2.0,'5 weak hits (can also do 3% damage) frames 8-10, 11-13, 14-16, 17-19, and 20-22. Strong hit frames 23-24',8,29,18,9);
INSERT INTO attacks VALUES('ness','bair',10,19,39,36,-1,9,16.0,10.0,'weak hit frames 12-19 with 6 frames shield stun',10,24,18,9);
INSERT INTO attacks VALUES('ness','uair',8,11,45,42,-1,7,13.0,NULL,NULL,8,26,18,9);
INSERT INTO attacks VALUES('ness','dair',20,28,59,NULL,-1,7,12.0,NULL,NULL,20,28,28,14);
INSERT INTO attacks VALUES('peach','jab1',2,3,19,16,-1,3,3.0,NULL,NULL,-1,-1,-1,NULL);
INSERT INTO attacks VALUES('peach','jab2',2,3,19,16,-1,2,2.0,NULL,NULL,-1,-1,-1,NULL);
INSERT INTO attacks VALUES('peach','ftilt',6,13,41,37,-1,7,13.0,6.0,'strong hit can also do 11, 10% damage. weak hit frames 8-13',-1,-1,-1,NULL);
INSERT INTO attacks VALUES('peach','utilt',9,13,39,37,-1,7,12.0,NULL,NULL,-1,-1,-1,NULL);
INSERT INTO attacks VALUES('peach','dtilt',12,13,27,26,-1,7,12.0,NULL,NULL,-1,-1,-1,NULL);
INSERT INTO attacks VALUES('peach','usmash',13,22,44,NULL,-1,10,19.0,8.0,'weak hit has 5 frames shield stun. can also do 15% and 8 frames shield stun',-1,-1,-1,NULL);
INSERT INTO attacks VALUES('peach','dsmash',5,26,39,NULL,-1,8,14.0,12.0,'six hitboxes (yes, SIX) EACH do 14% or 12% damage...',-1,-1,-1,NULL);
INSERT INTO attacks VALUES('peach','dattack',6,20,37,36,-1,7,12.0,7.0,'strong hit can also do 9% damage, weak hit frames 9-20 and can also do 8% damage (with 5 frames shieldstun)',-1,-1,-1,NULL);
INSERT INTO attacks VALUES('peach','nair',3,23,49,42,-1,8,14.0,9.0,'weak hit frames 7-23, can also do 10% damage (and has 6 frames shield stun)',3,35,17,8);
INSERT INTO attacks VALUES('peach','fair',16,20,54,51,-1,8,15.0,NULL,NULL,16,38,25,12);
INSERT INTO attacks VALUES('peach','bair',6,22,44,38,-1,8,14.0,10.0,'weak hit frames 10-22 with 6 frames shield stun',6,22,15,7);
INSERT INTO attacks VALUES('peach','uair',7,11,35,34,-1,8,14.0,11.0,'can also do 12% damage',7,21,15,7);
INSERT INTO attacks VALUES('peach','dair',12,37,39,NULL,-1,3,3.0,NULL,'5 hits total do 3% damage each, frames 12-13, 18-19, 24-25, 30-31, 36-37',12,39,15,7);
INSERT INTO attacks VALUES('pichu','jab1',2,3,21,NULL,-1,2,2.0,NULL,NULL,-1,-1,-1,NULL);
INSERT INTO attacks VALUES('pichu','ftilt',5,14,29,NULL,-1,5,8.0,NULL,'angled up does one more %, angled down does one less',-1,-1,-1,NULL);
INSERT INTO attacks VALUES('pichu','utilt',7,14,23,NULL,-1,4,6.0,NULL,NULL,-1,-1,-1,NULL);
INSERT INTO attacks VALUES('pichu','dtilt',7,9,21,19,-1,5,7.0,NULL,NULL,-1,-1,-1,NULL);
INSERT INTO attacks VALUES('pichu','fsmash',16,36,49,NULL,-1,4,6.0,2.0,'6 weak hits lasting 3 frames each and one final hit lasting 3 frames (34-36)',-1,-1,-1,NULL);
INSERT INTO attacks VALUES('pichu','usmash',9,11,43,41,-1,9,16.0,NULL,NULL,-1,-1,-1,NULL);
INSERT INTO attacks VALUES('pichu','dsmash',7,13,54,NULL,-1,7,13.0,NULL,NULL,-1,-1,-1,NULL);
INSERT INTO attacks VALUES('pichu','dattack',5,16,49,NULL,-1,5,8.0,NULL,NULL,-1,-1,-1,NULL);
INSERT INTO attacks VALUES('pichu','nair',3,28,39,NULL,-1,7,12.0,9.0,'weak hit frames 11-28',3,34,12,6);
INSERT INTO attacks VALUES('pichu','fair',10,28,39,NULL,-1,2,2.0,NULL,'5 hits do 2% each, frames 10-12, 14-16, 18-20, 22-24, 26-28',10,37,15,7);
INSERT INTO attacks VALUES('pichu','bair',4,37,59,NULL,-1,6,9.0,NULL,NULL,4,49,18,9);
INSERT INTO attacks VALUES('pichu','uair',4,9,27,NULL,-1,3,4.0,NULL,NULL,4,17,18,9);
INSERT INTO attacks VALUES('pichu','dair',14,26,57,48,-1,7,12.0,NULL,NULL,1,38,26,13);
INSERT INTO attacks VALUES('pikachu','jab1',2,3,21,NULL,-1,2,2.0,NULL,NULL,-1,-1,-1,NULL);
INSERT INTO attacks VALUES('pikachu','ftilt',5,14,29,NULL,-1,5,8.0,NULL,NULL,-1,-1,-1,NULL);
INSERT INTO attacks VALUES('pikachu','utilt',7,14,23,NULL,-1,5,7.0,6.0,NULL,-1,-1,-1,NULL);
INSERT INTO attacks VALUES('pikachu','dtilt',7,9,21,19,-1,5,7.0,NULL,NULL,-1,-1,-1,NULL);
INSERT INTO attacks VALUES('pikachu','fsmash',16,23,49,NULL,-1,11,21.0,18.0,'strong hit frames 16-18, weaker hit (19% damage) frames 19-21, weakest hit frames 22-23',-1,-1,-1,NULL);
INSERT INTO attacks VALUES('pikachu','usmash',8,17,43,41,-1,10,19.0,7.0,'strong hit frames 8-10 (can also do 18% or 17% damage), weaker hit frames 11-13 with 7 frames shield stun, weakest hit frames 14-17 with 5 frames shield stun',-1,-1,-1,NULL);
INSERT INTO attacks VALUES('pikachu','dsmash',7,25,54,51,-1,3,3.0,2.0,'Notes - 7 weak hitboxes lasting 2 frames each, and one final strong hitbox at frame 25',-1,-1,-1,NULL);
INSERT INTO attacks VALUES('pikachu','dattack',5,16,49,NULL,-1,5,8.0,NULL,NULL,-1,-1,-1,NULL);
INSERT INTO attacks VALUES('pikachu','nair',3,28,39,NULL,-1,7,12.0,9.0,'weak hit frames 11-28',3,34,15,7);
INSERT INTO attacks VALUES('pikachu','fair',10,28,39,NULL,-1,2,2.0,NULL,'5 hitboxes of 2% damage each, frames 10-12, 14-16, 18-20, 22-24, 26-28',10,37,20,10);
INSERT INTO attacks VALUES('pikachu','bair',4,37,59,NULL,-1,7,12.0,9.0,'weak hit frames 8-37',4,49,30,15);
INSERT INTO attacks VALUES('pikachu','uair',3,8,27,NULL,-1,3,4.0,NULL,'angle depends on the timing of the hit (check info button on homepage for details)',3,17,26,13);
INSERT INTO attacks VALUES('pikachu','dair',14,26,57,48,-1,7,12.0,NULL,NULL,1,38,40,20);
INSERT INTO attacks VALUES('roy','jab1',4,7,31,26,-1,4,6.0,3.0,'can also do 5% damage',-1,-1,-1,NULL);
INSERT INTO attacks VALUES('roy','ftilt',9,13,40,40,-1,7,12.0,7.0,'can also do 10% damage',-1,-1,-1,NULL);
INSERT INTO attacks VALUES('roy','utilt',7,13,45,40,-1,6,10.0,6.0,'can also do 8% or 9% damage. can only do 6% damage frames 10-13',-1,-1,-1,NULL);
INSERT INTO attacks VALUES('roy','dtilt',8,10,57,20,-1,7,12.0,6.0,'can also do 10% damage. weak hit has 4 frames shield stun',-1,-1,-1,NULL);
INSERT INTO attacks VALUES('roy','fsmash',12,14,57,54,-1,10,20.0,12.0,'weak hit has 7 frames shield stun',-1,-1,-1,NULL);
INSERT INTO attacks VALUES('roy','usmash',15,26,62,46,-1,6,10.0,2.0,'5 weak hitboxes 2 frames each, ending in final strong hitbox frames 25-26',-1,-1,-1,NULL);
INSERT INTO attacks VALUES('roy','dsmash',6,26,74,72,-1,11,21.0,8.0,'front hit frames 6-8, can do 21% or 14% with 8 frames shield stun. back hit frames 24-26, can do 16% or 8% with 9 or 5 frames shieldstun',-1,-1,-1,NULL);
INSERT INTO attacks VALUES('roy','dattack',12,15,57,40,-1,7,12.0,6.0,'weak hit has 4 frames shield stun',-1,-1,-1,NULL);
INSERT INTO attacks VALUES('roy','nair',7,20,57,50,-1,5,8.0,4.0,'weak hit frames 7-8 with 3 frames shield stun, strong hit frames 17-20 and can also do 6% damage',7,31,20,10);
INSERT INTO attacks VALUES('roy','fair',5,7,38,35,-1,5,8.0,5.0,NULL,1,29,20,10);
INSERT INTO attacks VALUES('roy','bair',8,10,45,43,-1,6,9.0,6.0,NULL,1,33,24,12);
INSERT INTO attacks VALUES('roy','uair',5,10,52,49,-1,6,9.0,6.0,NULL,5,29,18,9);
INSERT INTO attacks VALUES('roy','dair',7,10,68,64,-1,6,9.0,6.0,NULL,7,54,32,16);
INSERT INTO attacks VALUES('samus','jab1',3,4,17,NULL,-1,3,3.0,NULL,NULL,-1,-1,-1,NULL);
INSERT INTO attacks VALUES('samus','jab2',4,6,29,NULL,-1,5,7.0,NULL,NULL,-1,-1,-1,NULL);
INSERT INTO attacks VALUES('samus','ftilt',6,8,31,30,-1,6,10.0,NULL,NULL,-1,-1,-1,NULL);
INSERT INTO attacks VALUES('samus','utilt',14,17,39,35,-1,7,13.0,12.0,NULL,-1,-1,-1,NULL);
INSERT INTO attacks VALUES('samus','dtilt',6,8,39,NULL,-1,8,14.0,NULL,NULL,-1,-1,-1,NULL);
INSERT INTO attacks VALUES('samus','fsmash',10,13,43,NULL,-1,8,14.0,NULL,NULL,-1,-1,-1,NULL);
INSERT INTO attacks VALUES('samus','usmash',12,29,59,58,-1,4,6.0,4.0,'5 hits frames 12-14, 16-18, 20-22, 24-26, and 28-29. First 3 are weak hits, 4th hit does 5%, last hit is the strong hit',-1,-1,-1,NULL);
INSERT INTO attacks VALUES('samus','dsmash',6,16,48,45,-1,9,16.0,15.0,'front (strong) hit frames 6-8, weak (back) hit frames 14-16',-1,-1,-1,NULL);
INSERT INTO attacks VALUES('samus','dattack',7,16,37,NULL,-1,7,13.0,9.0,'weak hit frames 10-16',-1,-1,-1,NULL);
INSERT INTO attacks VALUES('sheik','jab1',2,3,17,16,-1,3,4.0,NULL,NULL,-1,-1,-1,NULL);
INSERT INTO attacks VALUES('sheik','jab2',2,4,17,16,-1,3,3.0,NULL,NULL,-1,-1,-1,NULL);
INSERT INTO attacks VALUES('sheik','rjab',2,33,35,NULL,-1,2,1.0,NULL,'loop has an additional 6 frames startup and 8 frames endlag. 6 hits in each loop, frames 2-3, 8-9, 14-15, 20-21, 26-27, 32-33',-1,-1,-1,NULL);
INSERT INTO attacks VALUES('sheik','ftilt',5,10,29,27,-1,5,7.0,NULL,NULL,-1,-1,-1,NULL);
INSERT INTO attacks VALUES('sheik','utilt',5,24,33,26,-1,5,8.0,4.0,'strong hit frames 5-10, weak hit frames 19-24 with 3 frames shield stun',-1,-1,-1,NULL);
INSERT INTO attacks VALUES('sheik','dtilt',5,8,29,28,-1,5,8.0,NULL,NULL,-1,-1,-1,NULL);
INSERT INTO attacks VALUES('sheik','fsmash',12,29,50,46,-1,6,10.0,5.0,'weak hit frame 12 with 4 frames shield stun, strong hit frames 27-29',-1,-1,-1,NULL);
INSERT INTO attacks VALUES('sheik','usmash',12,16,47,40,-1,9,17.0,13.0,'strong hit frame 12, weak hit frames 14-16',-1,-1,-1,NULL);
INSERT INTO attacks VALUES('sheik','dsmash',5,24,49,46,-1,7,13.0,10.0,'strong hit frames 5-9, two weak hits frames 16-19 and 22-24',-1,-1,-1,NULL);
INSERT INTO attacks VALUES('sheik','dattack',6,12,37,36,-1,6,10.0,7.0,'weak hit frames 7-12',-1,-1,-1,NULL);
INSERT INTO attacks VALUES('sheik','nair',3,30,48,42,-1,8,14.0,9.0,'weak hit frames 7-30. strong hit can also do 10% damage',3,30,16,8);
INSERT INTO attacks VALUES('sheik','fair',5,7,33,NULL,-1,7,13.0,NULL,NULL,5,10,16,8);
INSERT INTO attacks VALUES('sheik','bair',4,19,37,NULL,-1,8,14.0,6.0,'weak hit frames 8-19, can do 10%, 9%, 7%, and 6%. Strong hit can do 8%, 10%, or 14%',4,24,16,8);
INSERT INTO attacks VALUES('sheik','uair',5,20,39,37,-1,7,12.0,9.0,'weak hit frames 8-20',5,29,24,12);
INSERT INTO attacks VALUES('sheik','dair',15,33,48,NULL,-1,6,11.0,NULL,NULL,3,48,NULL,-1);
INSERT INTO attacks VALUES('yoshi','jab1',3,5,17,NULL,-1,3,3.0,NULL,NULL,-1,-1,-1,NULL);
INSERT INTO attacks VALUES('yoshi','jab2',3,5,19,NULL,-1,4,5.0,NULL,NULL,-1,-1,-1,NULL);
INSERT INTO attacks VALUES('yoshi','ftilt',6,8,29,NULL,-1,7,12.0,NULL,NULL,-1,-1,-1,NULL);
INSERT INTO attacks VALUES('yoshi','utilt',8,12,29,NULL,-1,6,10.0,NULL,NULL,-1,-1,-1,NULL);
INSERT INTO attacks VALUES('yoshi','dtilt',8,10,23,NULL,-1,6,10.0,NULL,NULL,-1,-1,-1,NULL);
INSERT INTO attacks VALUES('yoshi','fsmash',14,16,47,44,-1,9,16.0,NULL,NULL,-1,-1,-1,NULL);
INSERT INTO attacks VALUES('yoshi','usmash',11,15,43,40,-1,8,14.0,NULL,NULL,-1,-1,-1,NULL);
INSERT INTO attacks VALUES('yoshi','dsmash',6,22,49,NULL,-1,8,14.0,12.0,'strong (front) hit frames 6-8, weak hit frames 21-22',-1,-1,-1,NULL);
INSERT INTO attacks VALUES('yoshi','dattack',10,23,43,42,-1,6,9.0,NULL,NULL,-1,-1,-1,NULL);
INSERT INTO attacks VALUES('yoshi','nair',3,33,47,45,-1,8,14.0,10.0,'weak hit frames 7-33',3,35,15,7);
INSERT INTO attacks VALUES('yoshi','fair',19,21,49,44,-1,9,17.0,NULL,NULL,4,35,21,10);
INSERT INTO attacks VALUES('yoshi','bair',10,30,39,38,-1,5,7.0,4.0,'4 total hits, frames 10-12, 16-18, 23-25, 28-30. Do 7%, 6%, 5%, 4% damage respectively ',10,32,15,7);
INSERT INTO attacks VALUES('yoshi','uair',5,6,39,39,-1,7,13.0,NULL,NULL,5,32,19,9);
INSERT INTO attacks VALUES('yoshi','dair',18,46,59,NULL,-1,3,4.0,NULL,'15 hitboxes every other frame doing 4% damage each',16,59,26,13);
INSERT INTO attacks VALUES('young_link','jab1',6,8,23,20,-1,3,3.0,NULL,NULL,-1,-1,-1,NULL);
INSERT INTO attacks VALUES('young_link','jab2',6,7,21,17,-1,2,2.0,NULL,NULL,-1,-1,-1,NULL);
INSERT INTO attacks VALUES('young_link','jab3',6,10,49,32,-1,4,5.0,NULL,NULL,-1,-1,-1,NULL);
INSERT INTO attacks VALUES('young_link','rjab',2,3,34,NULL,-1,2,1.0,NULL,'rapid jab has an additional 7 frames of startup and 10 fames of endlag',-1,-1,-1,NULL);
INSERT INTO attacks VALUES('young_link','ftilt',11,13,33,NULL,-1,7,12.0,10.0,'can also do 11% damage',-1,-1,-1,NULL);
INSERT INTO attacks VALUES('young_link','utilt',9,15,29,NULL,-1,5,8.0,NULL,NULL,-1,-1,-1,NULL);
INSERT INTO attacks VALUES('young_link','dtilt',14,16,39,32,-1,6,10.0,7.0,'can also do 9% damage',-1,-1,-1,NULL);
INSERT INTO attacks VALUES('young_link','fsmash',15,17,49,NULL,-1,6,10.0,NULL,NULL,-1,-1,-1,NULL);
INSERT INTO attacks VALUES('young_link','usmash',11,44,60,52,-1,6,9.0,2.0,'4 hits, first hit frames 11-14 and does 3% and 3 frames shield stun. second hit frames 26-28 and does 2% damage and 2 frames shield stun. third hit frames 40-42 can do 7 or 8% damage and 5 frames shield stun. last hit frames 43-44 and can do 8 or 9% damage and 5 or 6 frames shield stun',-1,-1,-1,NULL);
INSERT INTO attacks VALUES('young_link','dsmash',9,11,23,42,-1,7,13.0,6.0,'front hit frames 9-11, does 13% or 7% damage. back hit frames 21-23, does 12% or 6% damage',-1,-1,-1,NULL);
INSERT INTO attacks VALUES('young_link','nair',4,27,39,36,-1,7,12.0,8.0,'weak hit frames 6-27',4,31,15,7);
INSERT INTO attacks VALUES('young_link','fair',14,33,55,47,-1,7,12.0,5.0,'first hit frames 14-16, does 12%, 11%, or 9% damage. Second hit frames 17-33, does 8%, 7%, or 5% damage with 5 frames shield stun',1,46,15,7);
INSERT INTO attacks VALUES('young_link','bair',6,23,39,30,-1,5,7.0,NULL,NULL,1,28,15,7);
INSERT INTO attacks VALUES('young_link','uair',5,49,69,NULL,-1,8,15.0,NULL,NULL,5,55,30,15);
INSERT INTO attacks VALUES('young_link','dair',13,64,89,80,-1,9,16.0,14.0,'meteor hitbox frames 16-64',13,64,50,25);
INSERT INTO attacks VALUES('zelda','jab1',11,17,29,27,-1,2,2.0,NULL,'4 hits lasting 1 frame each doing 2% damage each',-1,-1,-1,NULL);
INSERT INTO attacks VALUES('zelda','ftilt',12,14,37,37,-1,7,13.0,11.0,'can also do 12% damage',-1,-1,-1,NULL);
INSERT INTO attacks VALUES('zelda','utilt',10,24,43,40,-1,6,11.0,NULL,NULL,-1,-1,-1,NULL);
INSERT INTO attacks VALUES('zelda','dtilt',5,7,31,30,-1,5,8.0,7.0,NULL,-1,-1,-1,NULL);
INSERT INTO attacks VALUES('zelda','fsmash',16,26,39,NULL,-1,8,14.0,1.0,'5 weak hits lasting one frame each, then final strong hit',-1,-1,-1,NULL);
INSERT INTO attacks VALUES('zelda','usmash',5,36,56,51,-1,5,5.0,1.0,'13 weak hits lasting one frame each, followed by the strong hit',-1,-1,-1,NULL);
INSERT INTO attacks VALUES('zelda','dsmash',4,16,39,32,-1,6,11.0,NULL,'front hit active frames 4-7, back hit frames 13-16',-1,-1,-1,NULL);
INSERT INTO attacks VALUES('zelda','dattack',6,13,37,36,-1,7,13.0,7.0,'strong hit frames 6-8 and can also do 9% damage, weak hit frames 9-13 and can also do 8% damage with 5 frames shield stun',-1,-1,-1,NULL);
INSERT INTO attacks VALUES('zelda','nair',6,31,49,42,-1,4,5.0,2.0,'6 weak hits 2 frames each (can also do 3% damage), and one final strong hit',6,37,18,9);
INSERT INTO attacks VALUES('zelda','fair',8,11,39,36,-1,10,20.0,10.0,'weak hit has 6 frames shield stun',8,24,18,9);
INSERT INTO attacks VALUES('zelda','bair',5,8,35,33,-1,10,20.0,10.0,'weak hit has 6 frames shield stun',5,25,18,9);
INSERT INTO attacks VALUES('zelda','uair',14,16,54,NULL,-1,7,13.0,NULL,NULL,14,44,25,12);
INSERT INTO attacks VALUES('zelda','dair',14,17,43,43,-1,5,8.0,7.0,NULL,1,39,24,12);
INSERT INTO attacks VALUES('kirby','neutral_b',17,60,79,NULL,NULL,NULL,19.0,9.0,'damage is based off character weight. Information on each ability kirby can obtain is listed here: https://smashboards.com/threads/kirby-hitboxes-and-frame-data.322531/',-1,-1,NULL,-1);
INSERT INTO attacks VALUES('bowser','jab1',7,9,24,21,-1,4,5.0,0.0,NULL,-1,-1,-1,NULL);
INSERT INTO attacks VALUES('bowser','jab2',8,10,29,26,-1,4,6.0,0.0,NULL,-1,-1,-1,NULL);
INSERT INTO attacks VALUES('bowser','ftilt',12,16,47,37,-1,8,14.0,12.0,'can also do 13% damage',-1,-1,-1,NULL);
INSERT INTO attacks VALUES('bowser','utilt',7,10,54,50,-1,7,13.0,8.0,NULL,-1,-1,-1,NULL);
INSERT INTO attacks VALUES('bowser','dtilt',14,31,59,55,-1,7,13.0,10.0,'weak hitbox frames 27-31, strong hitbox frames 14-18',-1,-1,-1,NULL);
INSERT INTO attacks VALUES('bowser','dattack',10,17,59,56,-1,6,11.0,8.0,'weak hit frames 14-17',-1,-1,-1,NULL);
INSERT INTO attacks VALUES('bowser','fsmash',29,33,69,66,-1,12,24.0,NULL,NULL,-1,-1,-1,NULL);
INSERT INTO attacks VALUES('bowser','usmash',16,30,59,53,-1,10,20.0,12.0,'strong hit frames 16-21, can also do 17% damage. weak hit frame 30 and has 7 frames shield stun',-1,-1,-1,NULL);
INSERT INTO attacks VALUES('bowser','dsmash',14,35,69,68,-1,6,10.0,2.0,'7 weak hits followed by strong hit at frame 35',-1,-1,-1,NULL);
INSERT INTO attacks VALUES('bowser','nair',8,23,49,48,-1,7,13.0,NULL,NULL,8,39,15,7);
INSERT INTO attacks VALUES('bowser','fair',8,11,45,42,-1,8,14.0,11.0,'can also do 12% damage',9,30,15,7);
INSERT INTO attacks VALUES('bowser','bair',9,17,49,NULL,-1,7,13.0,9.0,'weak hit frames 11-17',9,44,35,17);
INSERT INTO attacks VALUES('bowser','uair',22,25,47,45,-1,9,17.0,NULL,NULL,10,39,30,15);
INSERT INTO attacks VALUES('bowser','dair',14,42,79,78,-1,3,3.0,NULL,'10 hits, 2 frames each',14,69,40,20);
INSERT INTO attacks VALUES('ice_climbers','jab1',4,7,29,16,-1,2,2.0,NULL,NULL,-1,-1,-1,NULL);
INSERT INTO attacks VALUES('ice_climbers','jab2',5,7,29,18,-1,3,4.0,NULL,NULL,-1,-1,-1,NULL);
INSERT INTO attacks VALUES('ice_climbers','ftilt',6,9,31,28,-1,5,8.0,NULL,NULL,-1,-1,-1,NULL);
INSERT INTO attacks VALUES('ice_climbers','utilt',8,26,49,42,-1,5,7.0,1.0,'6 weak hits 2 frames each, followed by strong hit at frame 26',-1,-1,-1,NULL);
INSERT INTO attacks VALUES('ice_climbers','dtilt',8,11,34,29,-1,4,5.0,NULL,NULL,-1,-1,-1,NULL);
INSERT INTO attacks VALUES('ice_climbers','dattack',11,12,41,38,-1,6,9.0,NULL,NULL,-1,-1,-1,NULL);
INSERT INTO attacks VALUES('ice_climbers','fsmash',13,14,47,47,-1,8,14.0,10.0,NULL,-1,-1,-1,NULL);
INSERT INTO attacks VALUES('ice_climbers','usmash',14,18,49,44,-1,6,11.0,NULL,NULL,-1,-1,-1,NULL);
INSERT INTO attacks VALUES('ice_climbers','dsmash',6,11,39,36,-1,7,12.0,NULL,NULL,-1,-1,-1,NULL);
INSERT INTO attacks VALUES('ice_climbers','fair',19,22,59,55,-1,6,11.0,9.0,'can also do 10% damage',2,55,20,10);
INSERT INTO attacks VALUES('ice_climbers','nair',6,23,49,46,-1,5,8.0,NULL,NULL,6,29,20,10);
INSERT INTO attacks VALUES('ice_climbers','bair',8,11,39,36,-1,7,12.0,11.0,NULL,8,18,20,10);
INSERT INTO attacks VALUES('ice_climbers','uair',6,23,39,30,-1,6,9.0,7.0,'weak hit frames 10-23',6,26,32,16);
INSERT INTO attacks VALUES('ice_climbers','dair',3,52,65,64,-1,6,9.0,NULL,NULL,3,57,25,12);
INSERT INTO attacks VALUES('bowser','side_b',16,18,59,NULL,NULL,7,12.0,8.0,'scratch can do 12, 10, or 8% damage. when grabbed, "bite" does 4%, forward throw does 13%, and back throw does 9%',-1,-1,NULL,-1);
INSERT INTO attacks VALUES('bowser','aside_b',16,18,59,NULL,NULL,7,12.0,8.0,'scratch can do 12, 10, or 8% damage. when grabbed, bite does 4%, forward throw does 13%, and back throw does 9%',-1,-1,NULL,-1);
INSERT INTO attacks VALUES('bowser','down_b',42,47,106,NULL,NULL,NULL,21.0,8.0,'data assumes down b lands on same height platform it started',-1,-1,NULL,-1);
INSERT INTO attacks VALUES('bowser','adown_b',32,NULL,NULL,NULL,NULL,NULL,21.0,8.0,'active until landing, then 60 frames of endlag',-1,-1,NULL,-1);
INSERT INTO attacks VALUES('bowser','up_b',5,46,79,NULL,NULL,3,13.0,3.0,'can also do 5%. invincible frames 1-4',-1,-1,NULL,-1);
INSERT INTO attacks VALUES('bowser','aup_b',5,46,49,NULL,10,NULL,10.0,2.0,'can also do 3% damage. all hitboxes connecting will result in 29% damage. able to grab edge 13 frames before freefall if started in the air',-1,-1,NULL,-1);
INSERT INTO attacks VALUES('bowser','neutral_b',23,62,92,NULL,NULL,NULL,2.0,1.0,'frames listed are the minimum anmount of frames move will be active (if you quickly tab b)',-1,-1,NULL,-1);
INSERT INTO attacks VALUES('bowser','aneutral_b',23,62,92,NULL,NULL,NULL,2.0,1.0,'frames listed are the minimum anmount of frames move will be active (if you quickly tab b)',-1,-1,NULL,-1);
INSERT INTO attacks VALUES('captain_falcon','neutral_b',52,56,99,65,NULL,NULL,27.0,23.0,'can also do 25% damage',-1,-1,NULL,-1);
INSERT INTO attacks VALUES('captain_falcon','aneutral_b',52,56,99,65,NULL,NULL,27.0,23.0,'can also do 25% damage',-1,-1,NULL,-1);
INSERT INTO attacks VALUES('captain_falcon','side_b',15,34,79,NULL,NULL,NULL,7.0,NULL,'once side b collides with a player, the punch hitbox starts, active frames 3-7, with 25 frames endlag',-1,-1,NULL,-1);
INSERT INTO attacks VALUES('captain_falcon','aside_b',15,34,79,NULL,20,NULL,7.0,NULL,'once side b collides with a player, the punch hitbox starts, active frames 3-7, with 45 frames endlag',-1,-1,20,10);
INSERT INTO attacks VALUES('captain_falcon','up_b',13,33,64,NULL,30,NULL,10.0,5.0,'can grab ledge 5 frames after active end. if grabbed, hit is active frames 2-6 and hit animation takes a total of 79 frames',-1,-1,NULL,-1);
INSERT INTO attacks VALUES('captain_falcon','aup_b',13,33,64,NULL,30,NULL,10.0,5.0,'can grab ledge 5 frames after active end. if grabbed, hit is active frames 2-6 and hit animation takes a total of 79 frames',-1,-1,NULL,-1);
INSERT INTO attacks VALUES('donkey_kong','side_b',20,21,59,NULL,NULL,4,5.0,NULL,NULL,-1,-1,NULL,-1);
INSERT INTO attacks VALUES('donkey_kong','aside_b',20,21,59,NULL,NULL,6,10.0,NULL,NULL,-1,-1,NULL,-1);
INSERT INTO attacks VALUES('donkey_kong','up_b',3,58,84,NULL,NULL,7,12.0,3.0,'strong hit frames 3-5 and invulnerable. 3 hits from frames 19-42 that do 8% each, and 4 hits from frames 43-74 that do 3% each (and 3 frames shield stun',-1,-1,NULL,-1);
INSERT INTO attacks VALUES('donkey_kong','aup_b',2,66,84,NULL,7,NULL,10.0,2.0,'strong hit frames 2-5 (and inv). followed by 5 hits that do 5% or 4%, and 4 more hits that do 2%. Invunerable arms frames 11-42',-1,-1,NULL,-1);
INSERT INTO attacks VALUES('donkey_kong','down_b',19,31,60,NULL,NULL,6,11.0,NULL,'13 frames of startup and 20 frames of endlag account for the startup and finish of down b. if you continue down b after two slaps these frame counts arenNULLt present inbetween slaps',-1,-1,NULL,-1);
INSERT INTO attacks VALUES('donkey_kong','neutral_b',17,21,46,NULL,NULL,15,30.0,18.0,'weak hit frame 18, 10 frames shield stun',-1,-1,NULL,-1);
INSERT INTO attacks VALUES('donkey_kong','aneutral_b',17,21,46,NULL,NULL,15,27.0,16.0,'for aerial and ground, frame data is dependent on charge stored. listed is the amounts for a full charge',-1,-1,NULL,-1);
INSERT INTO attacks VALUES('dr._mario','down_b',8,39,79,NULL,NULL,3,4.0,2.0,'6 hits, one 3%, three 2%, another 3%, then one last 4% hit',-1,-1,NULL,-1);
INSERT INTO attacks VALUES('dr._mario','adown_b',8,39,79,NULL,NULL,3,4.0,2.0,'6 hits, one 3%, three 2%, another 3%, then one last 4% hit',-1,-1,NULL,-1);
INSERT INTO attacks VALUES('dr._mario','neutral_b',14,89,43,NULL,NULL,NULL,8.0,NULL,'not a typo, pill last for 75 frames, but endlag ends at frame 43',-1,-1,NULL,-1);
INSERT INTO attacks VALUES('dr._mario','aneutral_b',14,89,43,NULL,NULL,NULL,8.0,NULL,'may start fast falling at frame 10',-1,-1,NULL,-1);
INSERT INTO attacks VALUES('dr._mario','side_b',12,14,35,NULL,NULL,7,12.0,10.0,'reflects frames 6-33',-1,-1,NULL,-1);
INSERT INTO attacks VALUES('dr._mario','aside_b',12,14,35,NULL,NULL,7,12.0,10.0,'reflects frames 6-33',-1,-1,NULL,-1);
INSERT INTO attacks VALUES('dr._mario','up_b',3,21,37,NULL,30,4,5.0,2.0,'Strong hitbox (and invincible_ frame 3, followed bt 6 hitboxes 2% damage each, and one final hitbox of 3% damage',-1,-1,30,15);
INSERT INTO attacks VALUES('dr._mario','aup_b',3,21,37,NULL,30,4,5.0,2.0,'Cancel info listed here (also applies for grounded up-b): https://smashboards.com/threads/up-b-cancel-frame-and-hitbox-data-complete-with-gifs-and-now-oos-data.378468/',-1,-1,30,15);
INSERT INTO attacks VALUES('falco','side_b',18,21,59,NULL,NULL,NULL,7.0,NULL,'shorten frames: 16-17 for shortest, 18 for middle, 19 for longest',-1,-1,NULL,-1);
INSERT INTO attacks VALUES('falco','aside_b',18,21,59,NULL,3,NULL,7.0,NULL,'shorten frames: 16-17 for shortest, 18 for middle, 19 for longest',-1,-1,20,10);
INSERT INTO attacks VALUES('falco','up_b',43,64,84,NULL,NULL,9,16.0,NULL,'grabs edge starting at frame 16 (before moving), grabs edges during moving part as early as frame 65',-1,-1,6,-1);
INSERT INTO attacks VALUES('falco','aup_b',43,64,84,NULL,3,9,16.0,NULL,'grabs edge starting at frame 16 (before moving), grabs edges during moving part as early as frame 65',-1,-1,6,3);
INSERT INTO attacks VALUES('falco','down_b',1,1,3,NULL,NULL,5,8.0,NULL,'able to be jump cancelled frames 4-21. reflects frames 4 to release+1. when landed, falco is in 5 frames of hitlag. normally has 19 frames endlag',-1,-1,NULL,-1);
INSERT INTO attacks VALUES('falco','neutral_b',23,122,57,NULL,NULL,NULL,3.0,NULL,'repeating shots come out every 24 frames. lasers last 99 frames',-1,-1,NULL,-1);
INSERT INTO attacks VALUES('falco','aneutral_b',13,112,42,NULL,NULL,NULL,3.0,NULL,'auto cancels upon landing',-1,-1,0,0);
INSERT INTO attacks VALUES('fox','down_b',1,1,3,NULL,NULL,5,5.0,NULL,'able to be jump cancelled frames 4-21. reflects frames 4 to release+1. when landed, fox is in 5 frames of hitlag. normally has 19 frames endlag',-1,-1,NULL,-1);
INSERT INTO attacks VALUES('fox','neutral_b',10,44,36,NULL,NULL,NULL,3.0,NULL,'repeating shots come out every 10 frames. lasers last 34 frames',-1,-1,NULL,-1);
INSERT INTO attacks VALUES('fox','aneutral_b',10,44,36,NULL,NULL,NULL,3.0,NULL,'auto cancel upons landing',-1,-1,0,0);
INSERT INTO attacks VALUES('fox','side_b',22,25,63,NULL,NULL,NULL,7.0,NULL,'shorten frames: 20-21 for shortest, 22 for middle, 23 for longest. can grab edge frame 29',-1,-1,NULL,-1);
INSERT INTO attacks VALUES('fox','aside_b',22,25,63,NULL,3,NULL,7.0,NULL,'shorten frames: 20-21 for shortest, 22 for middle, 23 for longest. can grab edge frame 29',-1,-1,20,10);
INSERT INTO attacks VALUES('fox','up_b',20,72,92,NULL,NULL,NULL,14.0,2.0,'7 hits frames 20-32 of 2% each, then strong hit frames 43-72. direction based on aim at frame 42. can grab edge before moving as early as frame 16. can grab edge after moving once hitbox is inactive. 3 frames LFS lag',-1,-1,6,3);
INSERT INTO attacks VALUES('ganondorf','neutral_b',70,72,119,117,NULL,17,34.0,30.0,'can also do 32% damage',-1,-1,NULL,-1);
INSERT INTO attacks VALUES('ganondorf','side_b',15,34,79,NULL,NULL,9,17.0,NULL,'once side b collides with a player, the punch hitbox starts, active frames 3-7, with 25 frames endlag',-1,-1,NULL,-1);
INSERT INTO attacks VALUES('ganondorf','aside_b',15,34,79,NULL,40,9,16.0,NULL,'once side b collides with a player, the punch hitbox starts, active frames 3-7, with 45 frames endlag',-1,-1,40,20);
INSERT INTO attacks VALUES('ganondorf','up_b',13,33,64,NULL,30,NULL,13.0,1.0,'direction determined at frame 13. grabs edges as early as frame 45. if hits, 4 hits of 1% followed by a strong hit of 13% frames 3-25. ',-1,-1,30,15);
INSERT INTO attacks VALUES('ganondorf','down_b',14,34,77,NULL,NULL,8,15.0,NULL,NULL,-1,-1,NULL,-1);
INSERT INTO attacks VALUES('ganondorf','adown_b',15,29,58,NULL,NULL,8,14.0,12.0,'weak hit is the landing hit frames 2-3, 57 frames total. ',-1,-1,57,28);
INSERT INTO attacks VALUES('ice_climbers','neutral_b',15,20,59,NULL,NULL,NULL,5.0,NULL,'ice apppers frame 17, lasts 61 frames. hammer hit and ice botj do 5%',-1,-1,NULL,-1);
INSERT INTO attacks VALUES('ice_climbers','down_b',16,66,79,NULL,NULL,2,2.0,NULL,'hitboxes appear every 5 frames, last 11 frames total (do 1% in the last couple frames). 9 hits total',-1,-1,NULL,-1);
INSERT INTO attacks VALUES('ice_climbers','side_b',12,55,89,NULL,NULL,NULL,4.0,NULL,'11 hits 4% each, lasting 1 frame each',-1,-1,NULL,-1);
INSERT INTO attacks VALUES('ice_climbers','aside_b',12,55,89,NULL,4,NULL,4.0,NULL,'11 hits 4% each, lasting 1 frame each',-1,-1,NULL,-1);
INSERT INTO attacks VALUES('ice_climbers','up_b',17,59,89,NULL,25,NULL,16.0,NULL,'nana invulnerable frames 5-59',-1,-1,NULL,-1);
INSERT INTO attacks VALUES('kirby','side_b',22,28,59,NULL,NULL,12,23.0,16.0,'weak hit has 9 frames shieldstun',-1,-1,NULL,-1);
INSERT INTO attacks VALUES('kirby','aside_b',7,46,69,NULL,NULL,3,4.0,2.0,'6 strong hitboxes followed by 6 weak hitboxes',-1,-1,16,8);
INSERT INTO attacks VALUES('kirby','up_b',2,26,34,NULL,NULL,NULL,6.0,NULL,'info descirbes the landing hitbox/lag. rising hit comes out frame 23, hits 23-24, 47-49, and 54-56m with 8%, 1%, 6% respectivley.',-1,-1,NULL,-1);
INSERT INTO attacks VALUES('kirby','down_b',30,47,78,NULL,NULL,NULL,18.0,NULL,'can be stone anywhere from 17 to 150 frames. gretting out of stone has 31 frames of lag.',-1,-1,NULL,-1);
INSERT INTO attacks VALUES('link','up_b',8,41,79,NULL,NULL,8,15.0,5.0,'weak hit has 4 frames shieldstun',-1,-1,NULL,-1);
INSERT INTO attacks VALUES('link','aup_b',8,50,79,NULL,24,4,6.0,2.0,'5 total hits, first can do 4 or 6%, next 3 do 2%, last one can do 4 or 6%',-1,-1,24,12);
INSERT INTO attacks VALUES('link','down_b',39,316,316,NULL,NULL,NULL,4.0,NULL,'bomb duration from end of pull (startup) is 277 frames',-1,-1,NULL,-1);
INSERT INTO attacks VALUES('link','side_b',27,168,45,NULL,NULL,NULL,16.0,6.0,'boomerang active for 141-171 frames. catch duration 19 frames. can also do 14% damage',-1,-1,NULL,-1);
INSERT INTO attacks VALUES('link','neutral_b',18,78,42,NULL,NULL,NULL,18.0,1.0,'total time for full charge+release = 84 frames. 24 frames of endlag upon release. damage increases the longer the charge (will do 1% if very close upon release)',-1,-1,NULL,-1);
INSERT INTO attacks VALUES('luigi','down_b',6,43,79,NULL,NULL,7,12.0,8.0,'hits frame 6-29, 43. strong hit second. ',-1,-1,NULL,-1);
INSERT INTO attacks VALUES('luigi','neutral_b',17,67,46,NULL,NULL,NULL,6.0,NULL,'fireball lasts 50 frames',-1,-1,NULL,-1);
INSERT INTO attacks VALUES('luigi','side_b',23,62,92,NULL,NULL,NULL,25.0,5.0,'additional 41 frames of lag upon landing. misfire is the strong hitbox, regular hitbox does between 5%-26%, depending on charge ',-1,-1,NULL,-1);
INSERT INTO attacks VALUES('luigi','up_b',5,23,39,NULL,40,13,25.0,1.0,'weak hitbox frames 6-23 and has 2 frames shieldstun. can grab edge as soon as frame 27',-1,-1,40,20);
INSERT INTO attacks VALUES('mario','neutral_b',14,89,43,NULL,NULL,NULL,6.0,NULL,'fireball lasts 75 frames',-1,-1,NULL,-1);
INSERT INTO attacks VALUES('mario','side_b',12,14,35,NULL,NULL,6,10.0,8.0,'reflects frames 6-33',-1,-1,NULL,-1);
INSERT INTO attacks VALUES('mario','up_b',3,24,37,NULL,30,4,5.0,1.0,'12 hitboxes, first 5% damage, then ten 1% damage, then a final 3% damage hitbox.',-1,-1,NULL,-1);
INSERT INTO attacks VALUES('mario','down_b',8,39,79,NULL,NULL,3,3.0,1.0,'9 hitboxes, first does 2%, next seven do 1%, last one is the strong hit',-1,-1,NULL,-1);
INSERT INTO attacks VALUES('marth','down_b',5,29,59,NULL,NULL,5,7.0,NULL,'when counter activates, hitbox active frames 14-20 (delayed by 1 frame if stronger move)',-1,-1,NULL,-1);
INSERT INTO attacks VALUES('marth','neutral_b',16,20,29,NULL,NULL,5,7.0,NULL,'minimum charge time 11 frames, maximum 121. hitbox active frames 5-10 after releasing charge',-1,-1,NULL,-1);
INSERT INTO attacks VALUES('marth','up_b',5,11,39,NULL,34,7,13.0,6.0,'strong hit frame 5, can do 10 or 13% damage. weak hit frames 6-11, does 7 or 6% damage',-1,-1,NULL,-1);
INSERT INTO attacks VALUES('mewtwo','down_b',15,21,41,NULL,NULL,NULL,1.0,NULL,NULL,-1,-1,NULL,-1);
INSERT INTO attacks VALUES('mewtwo','side_b',12,15,55,NULL,NULL,NULL,10.0,NULL,'reflects frames 12-27',-1,-1,NULL,-1);
INSERT INTO attacks VALUES('mewtwo','neutral_b',17,17,26,NULL,NULL,NULL,25.0,3.0,'no info on how long shadow ball lasts. fully charged takes 100 frames',-1,-1,NULL,-1);
INSERT INTO attacks VALUES('mewtwo','up_b',7,17,32,NULL,NULL,NULL,0.0,NULL,'no hitbox, active refers to appearing/disapear',-1,-1,NULL,-1);
INSERT INTO attacks VALUES('mr._game_&_watch','neutral_b',18,21,49,NULL,NULL,NULL,5.0,4.0,'pan hit is the strong hit, sausages are the weak hits. can throw more sausage every 20-34 frames. sausage lasts 80 frames total',-1,-1,NULL,-1);
INSERT INTO attacks VALUES('mr._game_&_watch','down_b',2,37,49,NULL,NULL,NULL,200.0,NULL,'percent damage is max damage game & watch can do. absorb stats: active frames 5-37, ends frame 49. will loop every 32 frames until b is let go',-1,-1,NULL,-1);
INSERT INTO attacks VALUES('mr._game_&_watch','up_b',1,37,39,NULL,6,4,6.0,NULL,NULL,-1,-1,40,20);
INSERT INTO attacks VALUES('ness','neutral_b',64,77,109,NULL,NULL,NULL,36.0,11.0,'minimum total is 109 frames, maximum is 217. damage increases based on charge time',-1,-1,NULL,-1);
INSERT INTO attacks VALUES('ness','aneutral_b',64,77,109,NULL,6,NULL,36.0,11.0,'minimum total is 109 frames, maximum is 217. damage increases based on charge time',-1,-1,NULL,-1);
INSERT INTO attacks VALUES('ness','side_b',20,40,69,NULL,NULL,NULL,2.0,NULL,'burning hits last 100 frames, hits do 2% each (no data on how many hits)',-1,-1,NULL,-1);
INSERT INTO attacks VALUES('ness','aside_b',20,40,69,NULL,NULL,NULL,2.0,NULL,'burning hits last 100 frames, hits do 2% each (no data on how many hits)',-1,-1,30,15);
INSERT INTO attacks VALUES('ness','up_b',19,139,193,NULL,20,13,25.0,20.0,'frame data refers to maxmimum time thunder can be active. 54 frames endlag once thunder is gone if it didnt hit ness. if it did, ness hitbox active frames 1-36, 70 total frames, strong hit active frames 1-12. ',-1,-1,30,15);
INSERT INTO attacks VALUES('ness','down_b',10,39,59,NULL,NULL,NULL,0.0,NULL,'frame data refers to minimum amount of time move can be used. 21 frames of lag upon release, 18 upon absorb',-1,-1,NULL,-1);
INSERT INTO attacks VALUES('peach','neutral_b',10,30,64,NULL,NULL,NULL,3.0,NULL,'when hit, invincible for 8 frames. 1st sport released on that 8th frame. lasts 78 frames total. 7 hits of 3% damage',-1,-1,NULL,-1);
INSERT INTO attacks VALUES('peach','up_b',6,29,40,NULL,4,NULL,5.0,NULL,'frame data refers to peach rising, 11 hits total (no info on %s). can fast fall as soon as frame 56',-1,-1,30,15);
INSERT INTO attacks VALUES('peach','side_b',21,31,46,NULL,NULL,NULL,18.0,16.0,'additional 27 frames of lag if you donNULLt land. if hit, 28 frames of lag from time of hit',-1,-1,33,16);
INSERT INTO attacks VALUES('peach','aside_b',31,41,56,NULL,NULL,NULL,18.0,16.0,'additional 27 frames of lag if you donNULLt land. if hit, 28 frames of lag from time of hit',-1,-1,33,16);
INSERT INTO attacks VALUES('peach','down_b',29,29,29,NULL,NULL,NULL,0.0,NULL,'data refers to the turnip pull. will update this with all projectiles damage soon',-1,-1,NULL,-1);
INSERT INTO attacks VALUES('pichu','neutral_b',18,117,57,NULL,NULL,NULL,7.0,NULL,NULL,-1,-1,NULL,-1);
INSERT INTO attacks VALUES('pichu','aneutral_b',18,117,57,NULL,NULL,NULL,10.0,NULL,NULL,-1,-1,NULL,-1);
INSERT INTO attacks VALUES('pichu','down_b',20,49,109,NULL,NULL,NULL,13.0,4.0,'data refers to pichu standiung still and being hit. thunder will last frames 20-84, will hit pichuj at 40 (and stop) if standing still, 53 if falling. when hit, hitbox lasts frames 1-9 with 60 frames endlag',-1,-1,NULL,-1);
INSERT INTO attacks VALUES('pichu','side_b',5,40,70,NULL,NULL,NULL,39.0,NULL,'data refers to lunge. charging takes anywhere between 14-161 frames. 34 frames of endlag on hit. damage increases based on charge and travel distance',-1,-1,30,15);
INSERT INTO attacks VALUES('pichu','up_b',13,71,158,NULL,1,NULL,0.0,NULL,'13 frames to aim first jump, that jump lasts a total of 71 frames. 29 frames to aim 2nd jump, that jump lasts a total of 87 frames',-1,-1,12,6);
INSERT INTO attacks VALUES('pikachu','down_b',20,49,109,NULL,NULL,NULL,15.0,10.0,'data refers to pikachu standing still and being hit. thunder will last until frame 104 if not hit. hitbox hits pikachu at 40 standing still and 51 while falling. hitbox lasts frames 1-9, 60 total',-1,-1,NULL,-1);
INSERT INTO attacks VALUES('pikachu','neutral_b',18,117,57,NULL,NULL,NULL,7.0,NULL,NULL,-1,-1,NULL,-1);
INSERT INTO attacks VALUES('pikachu','aneutral_b',18,117,57,NULL,NULL,NULL,10.0,7.0,'strong hit occurs before thunderjolt hits the ground',-1,-1,NULL,-1);
INSERT INTO attacks VALUES('pikachu','side_b',5,40,70,NULL,NULL,NULL,29.0,4.0,'data refers to lunge. charge time can be between 14-90 frames. damage increases based on charge time',-1,-1,NULL,-1);
INSERT INTO attacks VALUES('pikachu','up_b',13,NULL,149,NULL,4,NULL,3.0,2.0,'hits active frames 13-18 on first jump, 27-31 on second. first jump lasts 68 frames, second lasts 81',-1,-1,24,12);
INSERT INTO attacks VALUES('jigglypuff','down_b',1,1,249,NULL,NULL,NULL,28.0,NULL,'invulnerable frames 1-26',-1,-1,NULL,-1);
INSERT INTO attacks VALUES('jigglypuff','side_b',12,27,45,NULL,NULL,NULL,13.0,NULL,NULL,-1,-1,NULL,-1);
INSERT INTO attacks VALUES('jigglypuff','up_b',28,125,179,NULL,NULL,NULL,0.0,NULL,NULL,-1,-1,NULL,-1);
INSERT INTO attacks VALUES('roy','down_b',8,20,59,NULL,NULL,NULL,0.0,NULL,'this counter is damage based, no info for max/min damage. frame data refers to counter trigger',-1,-1,NULL,-1);
INSERT INTO attacks VALUES('roy','neutral_b',16,21,45,NULL,NULL,NULL,50.0,6.0,'charge time between 11-211 frames, hit frames 5-10 from release of charge',-1,-1,NULL,-1);
INSERT INTO attacks VALUES('roy','up_b',9,21,48,NULL,30,NULL,5.0,1.0,'can grab ledge as soon as frame 32. ',-1,-1,30,15);
INSERT INTO attacks VALUES('samus','neutral_b',14,83,44,NULL,NULL,23,25.0,3.0,'starts charging frame 14. can charge for 140 frames max. 8 frames of lag after stop charging. 2 frame startup if shot while chraging, 15 if a held charge. shot lasts 69 frames ',-1,-1,NULL,-1);
INSERT INTO attacks VALUES('samus','side_b',22,98,49,NULL,NULL,13,12.0,5.0,'homing missle has 10 more frames of endlag, but lasts 35 frames longer and comes out 7 frames earlier with 7 franes shield stun (and is the weak hit)',-1,-1,NULL,-1);
INSERT INTO attacks VALUES('samus','aside_b',15,91,49,NULL,NULL,13,12.0,5.0,'homing missle has 10 more frames of endlag and comes out 2 frames later, but lasts 35 frames longer with 7 franes shield stun (and is the weak hit)',-1,-1,NULL,-1);
INSERT INTO attacks VALUES('samus','up_b',4,33,49,NULL,24,2,2.0,1.0,'invulnerable frames 1-5. 15 total hitboxes, first is strong hit, rest are weak hits',-1,-1,24,12);
INSERT INTO attacks VALUES('samus','aup_b',4,31,47,NULL,24,2,1.0,NULL,'invulnerable frames 1-3. 14 total hitboxes',-1,-1,24,12);
INSERT INTO attacks VALUES('samus','down_b',10,83,53,NULL,NULL,7,7.0,NULL,'bomb hitbox exists 73 frames, when activated hits for 11 frames. damage is split up between multipule hitboxes, no info on their indivudal percents however',-1,-1,NULL,-1);
INSERT INTO attacks VALUES('sheik','side_b',22,65,75,NULL,NULL,NULL,5.0,3.0,'comes out frame 22, fully extended frame 34, can retract as early as frame 44, pull hitbox frames 19-31 with 10 frames endlag',-1,-1,NULL,-1);
INSERT INTO attacks VALUES('sheik','down_b',27,36,62,NULL,NULL,NULL,0.0,NULL,'invulnerable frames 27-36, becomes zelda on frame 37',-1,-1,NULL,-1);
INSERT INTO attacks VALUES('sheik','up_b',36,42,94,NULL,4,NULL,12.0,NULL,'invulnerable frames 18-55. choose direction at frame 35',-1,-1,30,15);
INSERT INTO attacks VALUES('sheik','neutral_b',4,19,40,NULL,NULL,NULL,3.0,NULL,'data refers to fully charged needles. 6 needles total',-1,-1,NULL,-1);
INSERT INTO attacks VALUES('sheik','aneutral_b',11,26,39,NULL,NULL,NULL,3.0,NULL,'data refers to fully charged needles. 6 needles total',-1,-1,NULL,-1);
INSERT INTO attacks VALUES('yoshi','up_b',18,74,54,NULL,NULL,NULL,12.0,10.0,'can grab edge after projectile is throw. egg explosion hitbox lasts 3 frames',-1,-1,NULL,-1);
INSERT INTO attacks VALUES('yoshi','down_b',27,52,76,NULL,NULL,NULL,16.0,1.0,'active frame 27-landing, plus 16 more frames of weak (star) hitboxes. 24 frames endlag upon landing',-1,-1,NULL,-1);
INSERT INTO attacks VALUES('yoshi','adown_b',19,0,0,NULL,NULL,NULL,16.0,1.0,'active frame 19-landing, plus 16 more frames of weak (star) hitboxes. 24 frames endlag upon landing',-1,-1,NULL,-1);
INSERT INTO attacks VALUES('yoshi','neutral_b',17,21,39,NULL,NULL,NULL,7.0,NULL,'damage in egg is cut in half',-1,-1,NULL,-1);
INSERT INTO attacks VALUES('young_link','neutral_b',13,43,38,NULL,NULL,NULL,15.0,8.0,'arrow lasts 30 frames minimum (if it doesnrt hit ground), 13 rames startup and 25 frames endlag upon release',-1,-1,NULL,-1);
INSERT INTO attacks VALUES('young_link','up_b',8,42,80,NULL,NULL,NULL,3.0,1.0,'x amount of 1% hitboxes followed by 3% hitbox ',-1,-1,NULL,-1);
INSERT INTO attacks VALUES('young_link','aup_b',8,50,80,NULL,NULL,NULL,3.0,1.0,'x amount of 1% hitboxes followed by 3% hitbox ',-1,-1,NULL,-1);
INSERT INTO attacks VALUES('young_link','side_b',27,168,45,NULL,NULL,NULL,7.0,2.0,'20 frames to catch the boomerang.',-1,-1,NULL,-1);
INSERT INTO attacks VALUES('young_link','down_b',16,40,NULL,NULL,NULL,NULL,12.0,11.0,'bomb pulled out on frame 16. able to start throwing on frame 40. bomb has multipule hitboxes, unknown how much each does (damage listed assumes all hits land)',-1,-1,NULL,-1);
INSERT INTO attacks VALUES('zelda','side_b',60,62,77,NULL,4,NULL,13.0,7.0,'listed is the fastest dinNULLs fuire can be activated. can be detonated as late as frame 98. upon detonation, hitbox comes out frames 23-26. hitbox is larger the longer its charged',-1,-1,NULL,-1);
INSERT INTO attacks VALUES('zelda','aside_b',60,62,77,NULL,4,NULL,13.0,7.0,'listed is the fastest dinNULLs fuire can be activated. can be detonated as late as frame 98. upon detonation, hitbox comes out frames 23-26. hitbox is larger the longer its charged',-1,-1,NULL,-1);
INSERT INTO attacks VALUES('zelda','down_b',34,43,69,NULL,NULL,NULL,0.0,NULL,'invulnerable frames 34-43, shiek comes out frame 44',-1,-1,NULL,-1);
INSERT INTO attacks VALUES('zelda','neutral_b',12,27,59,NULL,NULL,4,5.0,1.0,'invulnerable frames 4-11, reflects frames 4-41. 7 hitboxes first 6 doing 1% or 2%, last hit doing 4% or 5% ',-1,-1,NULL,-1);
INSERT INTO attacks VALUES('zelda','up_b',10,11,114,NULL,4,NULL,4.0,NULL,'invulnerable frames 33-53. aim at frame 33',-1,-1,30,15);
INSERT INTO attacks VALUES('samus','nair',5,29,49,40,-1,8,14.0,10.0,'weak hit frames 9-29',5,34,15,7);
INSERT INTO attacks VALUES('samus','fair',4,31,55,50,-1,4,5.0,NULL,'5 total hits 2 frames each, with 5 to 6 frames between each hit',1,46,15,7);
INSERT INTO attacks VALUES('samus','bair',9,12,39,37,-1,8,14.0,10.0,NULL,9,30,15,7);
INSERT INTO attacks VALUES('samus','uair',5,24,39,39,-1,3,4.0,1.0,'7 hitboxes, first one does 3%, next 5 do 1%, last one does 4%',5,33,15,7);
INSERT INTO attacks VALUES('samus','dair',18,22,54,49,-1,9,16.0,NULL,NULL,3,33,15,7);
INSERT INTO attacks VALUES('falco','dair',5,24,49,NULL,-1,7,12.0,9.0,'weak hit frames 15-24',5,29,18,9);
CREATE TABLE grabs (
	char VARCHAR(20) NOT NULL, 
	type VARCHAR(10) NOT NULL, 
	start INTEGER, 
	total INTEGER, 
	notes VARCHAR(200), 
	PRIMARY KEY (char, type)
);
INSERT INTO grabs VALUES('captain_falcon','standing_grab',6,29,NULL);
INSERT INTO grabs VALUES('captain_falcon','dash_grab',10,39,NULL);
INSERT INTO grabs VALUES('fox','standing_grab',6,29,NULL);
INSERT INTO grabs VALUES('fox','dash_grab',11,39,NULL);
INSERT INTO grabs VALUES('donkey_kong','standing_grab',7,29,NULL);
INSERT INTO grabs VALUES('donkey_kong','dash_grab',9,49,NULL);
INSERT INTO grabs VALUES('falco','standing_grab',6,29,NULL);
INSERT INTO grabs VALUES('falco','dash_grab',11,39,NULL);
INSERT INTO grabs VALUES('marth','standing_grab',6,29,'0_0');
INSERT INTO grabs VALUES('marth','dash_grab',9,39,NULL);
INSERT INTO grabs VALUES('dr._mario','standing_grab',6,29,NULL);
INSERT INTO grabs VALUES('dr._mario','dash_grab',10,39,NULL);
INSERT INTO grabs VALUES('mr._game_&_watch','standing_grab',6,29,NULL);
INSERT INTO grabs VALUES('mr._game_&_watch','dash_grab',10,39,NULL);
INSERT INTO grabs VALUES('ganondorf','standing_grab',6,29,NULL);
INSERT INTO grabs VALUES('ganondorf','dash_grab',10,39,NULL);
INSERT INTO grabs VALUES('jigglypuff','standing_grab',6,29,NULL);
INSERT INTO grabs VALUES('jigglypuff','dash_grab',10,39,NULL);
INSERT INTO grabs VALUES('kirby','standing_grab',6,29,NULL);
INSERT INTO grabs VALUES('kirby','dash_grab',10,39,NULL);
INSERT INTO grabs VALUES('link','standing_grab',10,84,'hitbox lasts until frame 17');
INSERT INTO grabs VALUES('link','dash_grab',11,94,'hitbox lasts until frame 17');
INSERT INTO grabs VALUES('luigi','standing_grab',6,29,NULL);
INSERT INTO grabs VALUES('luigi','dash_grab',10,39,NULL);
INSERT INTO grabs VALUES('mario','standing_grab',6,29,NULL);
INSERT INTO grabs VALUES('mario','dash_grab',10,39,NULL);
INSERT INTO grabs VALUES('mewtwo','standing_grab',6,29,NULL);
INSERT INTO grabs VALUES('mewtwo','dash_grab',8,39,NULL);
INSERT INTO grabs VALUES('ness','standing_grab',7,29,NULL);
INSERT INTO grabs VALUES('ness','dash_grab',9,39,NULL);
INSERT INTO grabs VALUES('peach','standing_grab',6,29,NULL);
INSERT INTO grabs VALUES('peach','dash_grab',6,39,NULL);
INSERT INTO grabs VALUES('pichu','standing_grab',6,29,NULL);
INSERT INTO grabs VALUES('pichu','dash_grab',10,39,NULL);
INSERT INTO grabs VALUES('pikachu','standing_grab',6,29,NULL);
INSERT INTO grabs VALUES('pikachu','dash_grab',10,39,NULL);
INSERT INTO grabs VALUES('roy','standing_grab',6,29,NULL);
INSERT INTO grabs VALUES('roy','dash_grab',9,39,NULL);
INSERT INTO grabs VALUES('samus','standing_grab',17,93,'active frames 17-43');
INSERT INTO grabs VALUES('samus','dash_grab',17,73,'active frames 17-35');
INSERT INTO grabs VALUES('sheik','standing_grab',7,30,NULL);
INSERT INTO grabs VALUES('sheik','dash_grab',8,40,NULL);
INSERT INTO grabs VALUES('yoshi','standing_grab',17,78,'active frames 17-22');
INSERT INTO grabs VALUES('yoshi','dash_grab',10,69,'active frames 10-15');
INSERT INTO grabs VALUES('young_link','standing_grab',10,84,'active frames 10-17');
INSERT INTO grabs VALUES('young_link','dash_grab',13,94,'active frames 13-20');
INSERT INTO grabs VALUES('zelda','standing_grab',11,29,NULL);
INSERT INTO grabs VALUES('zelda','dash_grab',11,39,NULL);
INSERT INTO grabs VALUES('bowser','standing_grab',9,40,NULL);
INSERT INTO grabs VALUES('bowser','dash_grab',10,50,'active frames 10-12');
INSERT INTO grabs VALUES('ice_climbers','standing_grab',7,30,NULL);
INSERT INTO grabs VALUES('ice_climbers','dash_grab',7,40,NULL);
CREATE TABLE throws (
	char VARCHAR(20) NOT NULL, 
	type VARCHAR(10) NOT NULL, 
	start INTEGER, 
	"end" INTEGER, 
	total INTEGER, 
	percent FLOAT, 
	notes VARCHAR(200), 
	PRIMARY KEY (char, type)
);
INSERT INTO throws VALUES('captain_falcon','forward_throw',11,17,39,9.0,NULL);
INSERT INTO throws VALUES('captain_falcon','back_throw',12,19,49,9.0,NULL);
INSERT INTO throws VALUES('captain_falcon','up_throw',11,28,43,7.0,NULL);
INSERT INTO throws VALUES('captain_falcon','down_throw',NULL,NULL,39,7.0,NULL);
INSERT INTO throws VALUES('fox','forward_throw',10,10,33,7.0,NULL);
INSERT INTO throws VALUES('fox','back_throw',15,21,38,2.0,'lasers come frame 15, 18, 21, do same base damage as neutral b');
INSERT INTO throws VALUES('fox','up_throw',18,24,38,2.0,'lasers come frame 18, 20, 24');
INSERT INTO throws VALUES('fox','down_throw',23,31,43,1.0,'lasers come frame 23, 25, 28, 31');
INSERT INTO throws VALUES('falco','forward_throw',10,10,33,7.0,NULL);
INSERT INTO throws VALUES('falco','back_throw',15,21,38,7.0,'lasers come out frame 15, 18, 21, do 2 damage each');
INSERT INTO throws VALUES('falco','up_throw',18,24,38,7.0,'laser come frame 18, 20, 24, do 2 damage each');
INSERT INTO throws VALUES('falco','down_throw',23,31,43,7.0,'lasers come frame 23, 25, 28, 31, do 1 damage each');
INSERT INTO throws VALUES('_marth','forward_throw',NULL,NULL,31,4.0,NULL);
INSERT INTO throws VALUES('marth','back_throw',NULL,NULL,44,4.0,NULL);
INSERT INTO throws VALUES('marth','up_throw',NULL,NULL,44,4.0,NULL);
INSERT INTO throws VALUES('marth','down_throw',NULL,NULL,42,5.0,NULL);
INSERT INTO throws VALUES('marth','forward_throw',NULL,NULL,31,4.0,NULL);
INSERT INTO throws VALUES('dr._mario','forward_throw',NULL,NULL,27,9.0,NULL);
INSERT INTO throws VALUES('dr._mario','back_throw',NULL,NULL,66,12.0,NULL);
INSERT INTO throws VALUES('dr._mario','down_throw',NULL,NULL,39,6.0,NULL);
INSERT INTO throws VALUES('dr._mario','up_throw',NULL,NULL,39,8.0,NULL);
INSERT INTO throws VALUES('mr._game_&_watch','forward_throw',NULL,NULL,27,9.0,NULL);
INSERT INTO throws VALUES('mr._game_&_watch','back_throw',NULL,NULL,66,12.0,NULL);
INSERT INTO throws VALUES('mr._game_&_watch','up_throw',NULL,NULL,39,8.0,NULL);
INSERT INTO throws VALUES('mr._game_&_watch','down_throw',NULL,NULL,39,6.0,NULL);
INSERT INTO throws VALUES('ganondorf','forward_throw',11,17,39,5.0,NULL);
INSERT INTO throws VALUES('ganondorf','back_throw',12,19,49,5.0,NULL);
INSERT INTO throws VALUES('ganondorf','up_throw',11,28,43,4.0,NULL);
INSERT INTO throws VALUES('ganondorf','down_throw',NULL,NULL,39,7.0,NULL);
INSERT INTO throws VALUES('jigglypuff','forward_throw',10,10,35,7.0,NULL);
INSERT INTO throws VALUES('jigglypuff','back_throw',NULL,NULL,49,10.0,NULL);
INSERT INTO throws VALUES('jigglypuff','up_throw',NULL,NULL,41,11.0,NULL);
INSERT INTO throws VALUES('jigglypuff','down_throw',10,75,84,8.0,'5 hits each dealing 1% damage, and then a final hit deals 3% damage for 8% damage total');
INSERT INTO throws VALUES('kirby','forward_throw',NULL,NULL,61,8.0,NULL);
INSERT INTO throws VALUES('kirby','back_throw',NULL,NULL,49,8.0,NULL);
INSERT INTO throws VALUES('kirby','up_throw',NULL,NULL,79,10.0,NULL);
INSERT INTO throws VALUES('kirby','down_throw',10,56,87,7.0,'10 kick hitboxes 2 frames each, then final one frame hit at the very last active frame');
INSERT INTO throws VALUES('link','forward_throw',12,15,39,6.0,NULL);
INSERT INTO throws VALUES('link','back_throw',11,15,39,6.0,NULL);
INSERT INTO throws VALUES('link','up_throw',26,26,49,6.0,NULL);
INSERT INTO throws VALUES('link','down_throw',22,23,49,6.0,NULL);
INSERT INTO throws VALUES('luigi','forward_throw',NULL,NULL,27,8.0,NULL);
INSERT INTO throws VALUES('luigi','back_throw',NULL,NULL,66,10.0,NULL);
INSERT INTO throws VALUES('luigi','up_throw',NULL,NULL,39,7.0,NULL);
INSERT INTO throws VALUES('luigi','down_throw',NULL,NULL,39,7.0,NULL);
INSERT INTO throws VALUES('mario','forward_throw',NULL,NULL,27,9.0,NULL);
INSERT INTO throws VALUES('mario','back_throw',NULL,NULL,66,12.0,NULL);
INSERT INTO throws VALUES('mario','up_throw',NULL,NULL,39,8.0,NULL);
INSERT INTO throws VALUES('mario','down_throw',NULL,NULL,39,6.0,NULL);
INSERT INTO throws VALUES('ness','forward_throw',NULL,NULL,52,11.0,NULL);
INSERT INTO throws VALUES('ness','back_throw',NULL,NULL,52,11.0,NULL);
INSERT INTO throws VALUES('ness','up_throw',NULL,NULL,55,10.0,NULL);
INSERT INTO throws VALUES('ness','down_throw',10,33,49,10.0,'6 hits of 1% damage frames 10-13, 14-17, 18-21, 22-25, 26-29, and 30-33. Then 4% damage from throw end');
INSERT INTO throws VALUES('peach','forward_throw',14,14,33,10.0,NULL);
INSERT INTO throws VALUES('peach','back_throw',20,20,49,11.0,NULL);
INSERT INTO throws VALUES('peach','up_throw',20,24,49,8.0,NULL);
INSERT INTO throws VALUES('peach','down_throw',34,42,64,7.0,NULL);
INSERT INTO throws VALUES('pichu','forward_throw',10,29,43,12.0,NULL);
INSERT INTO throws VALUES('pichu','back_throw',NULL,NULL,49,9.0,NULL);
INSERT INTO throws VALUES('pichu','up_throw',14,19,43,10.0,NULL);
INSERT INTO throws VALUES('pichu','down_throw',12,19,47,10.0,NULL);
INSERT INTO throws VALUES('pikachu','forward_throw',10,29,43,12.0,NULL);
INSERT INTO throws VALUES('pikachu','back_throw',NULL,NULL,49,9.0,NULL);
INSERT INTO throws VALUES('pikachu','up_throw',14,19,43,10.0,NULL);
INSERT INTO throws VALUES('pikachu','down_throw',12,19,47,10.0,NULL);
INSERT INTO throws VALUES('roy','forward_throw',NULL,NULL,31,5.0,NULL);
INSERT INTO throws VALUES('roy','back_throw',NULL,NULL,44,5.0,NULL);
INSERT INTO throws VALUES('roy','up_throw',NULL,NULL,44,5.0,NULL);
INSERT INTO throws VALUES('roy','down_throw',NULL,NULL,42,6.0,NULL);
INSERT INTO throws VALUES('samus','forward_throw',NULL,NULL,41,9.0,NULL);
INSERT INTO throws VALUES('samus','back_throw',NULL,NULL,41,8.0,NULL);
INSERT INTO throws VALUES('samus','up_throw',13,25,41,7.0,NULL);
INSERT INTO throws VALUES('samus','down_throw',NULL,NULL,41,6.0,NULL);
INSERT INTO throws VALUES('sheik','forward_throw',20,23,47,8.0,NULL);
INSERT INTO throws VALUES('sheik','back_throw',15,19,47,7.0,NULL);
INSERT INTO throws VALUES('sheik','up_throw',19,22,57,8.0,NULL);
INSERT INTO throws VALUES('sheik','down_throw',31,35,57,8.0,NULL);
INSERT INTO throws VALUES('yoshi','forward_throw',NULL,NULL,39,6.0,NULL);
INSERT INTO throws VALUES('yoshi','back_throw',NULL,NULL,43,6.0,NULL);
INSERT INTO throws VALUES('yoshi','up_throw',NULL,NULL,43,5.0,NULL);
INSERT INTO throws VALUES('yoshi','down_throw',NULL,NULL,43,4.0,NULL);
INSERT INTO throws VALUES('young_link','forward_throw',12,15,39,6.0,NULL);
INSERT INTO throws VALUES('young_link','back_throw',11,15,39,6.0,NULL);
INSERT INTO throws VALUES('young_link','up_throw',26,26,49,6.0,NULL);
INSERT INTO throws VALUES('young_link','down_throw',22,23,49,6.0,NULL);
INSERT INTO throws VALUES('zelda','forward_throw',NULL,NULL,49,12.0,NULL);
INSERT INTO throws VALUES('zelda','back_throw',NULL,NULL,49,11.0,NULL);
INSERT INTO throws VALUES('zelda','up_throw',NULL,NULL,49,11.0,NULL);
INSERT INTO throws VALUES('zelda','down_throw',24,49,64,12.0,NULL);
INSERT INTO throws VALUES('bowser','forward_throw',NULL,NULL,59,10.0,NULL);
INSERT INTO throws VALUES('bowser','back_throw',NULL,NULL,39,10.0,NULL);
INSERT INTO throws VALUES('bowser','down_throw',NULL,NULL,39,7.0,NULL);
INSERT INTO throws VALUES('bowser','up_throw',11,28,43,7.0,NULL);
INSERT INTO throws VALUES('ice_climbers','forward_throw',24,27,49,11.0,NULL);
INSERT INTO throws VALUES('ice_climbers','back_throw',NULL,NULL,39,7.0,NULL);
INSERT INTO throws VALUES('ice_climbers','down_throw',NULL,NULL,49,6.0,NULL);
INSERT INTO throws VALUES('ice_climbers','up_throw',25,30,59,11.0,NULL);
INSERT INTO throws VALUES('donkey_kong','back_throw',NULL,NULL,39,11.0,NULL);
INSERT INTO throws VALUES('donkey_kong','down_throw',NULL,NULL,59,7.0,NULL);
INSERT INTO throws VALUES('donkey_kong','up_throw',NULL,NULL,43,9.0,NULL);
INSERT INTO throws VALUES('donkey_kong','forward_throw',NULL,NULL,NULL,0.0,'cargo up = 7% damage, forward = 8%, back = 8%');
INSERT INTO throws VALUES('mewtwo','back_throw',NULL,NULL,49,11.0,NULL);
INSERT INTO throws VALUES('mewtwo','up_throw',NULL,NULL,69,12.0,NULL);
INSERT INTO throws VALUES('mewtwo','down_throw',15,24,49,11.0,NULL);
INSERT INTO throws VALUES('mewtwo','forward_throw',NULL,NULL,74,13.0,NULL);
CREATE TABLE dodges (
	char VARCHAR(20) NOT NULL, 
	type VARCHAR(20) NOT NULL, 
	start INTEGER, 
	inv_end INTEGER, 
	total INTEGER, 
	notes VARCHAR(200), 
	PRIMARY KEY (char, type)
);
INSERT INTO dodges VALUES('peach','air_dodge',4,19,49,NULL);
INSERT INTO dodges VALUES('bowser','air_dodge',2,NULL,49,NULL);
INSERT INTO dodges VALUES('zelda','air_dodge',4,19,49,NULL);
INSERT INTO dodges VALUES('mario','air_dodge',NULL,NULL,48,NULL);
INSERT INTO dodges VALUES('luigi','air_dodge',NULL,NULL,48,NULL);
INSERT INTO dodges VALUES('yoshi','air_dodge',NULL,NULL,49,NULL);
INSERT INTO dodges VALUES('donkey_kong','air_dodge',NULL,NULL,49,NULL);
INSERT INTO dodges VALUES('captain_falcon','air_dodge',NULL,NULL,49,NULL);
INSERT INTO dodges VALUES('ganondorf','air_dodge',NULL,NULL,49,NULL);
INSERT INTO dodges VALUES('falco','air_dodge',NULL,NULL,49,NULL);
INSERT INTO dodges VALUES('fox','air_dodge',NULL,NULL,49,NULL);
INSERT INTO dodges VALUES('ice_climbers','air_dodge',NULL,NULL,48,NULL);
INSERT INTO dodges VALUES('ness','spot_dodge',2,18,27,NULL);
INSERT INTO dodges VALUES('kirby','air_dodge',NULL,NULL,49,NULL);
INSERT INTO dodges VALUES('samus','air_dodge',NULL,NULL,49,NULL);
INSERT INTO dodges VALUES('sheik','air_dodge',NULL,NULL,49,NULL);
INSERT INTO dodges VALUES('link','air_dodge',NULL,NULL,49,NULL);
INSERT INTO dodges VALUES('young_link','air_dodge',NULL,NULL,49,NULL);
INSERT INTO dodges VALUES('pichu','air_dodge',NULL,NULL,49,NULL);
INSERT INTO dodges VALUES('pikachu','air_dodge',NULL,NULL,49,NULL);
INSERT INTO dodges VALUES('mewtwo','spot_dodge',2,21,37,NULL);
INSERT INTO dodges VALUES('roy','air_dodge',NULL,NULL,49,NULL);
INSERT INTO dodges VALUES('marth','spot_dodge',2,18,27,NULL);
INSERT INTO dodges VALUES('dr._mario','air_dodge',NULL,NULL,48,NULL);
INSERT INTO dodges VALUES('marth','air_dodge',NULL,NULL,49,NULL);
INSERT INTO dodges VALUES('mewtwo','air_dodge',NULL,NULL,39,NULL);
INSERT INTO dodges VALUES('mr._game_&_watch','air_dodge',NULL,NULL,49,NULL);
INSERT INTO dodges VALUES('ness','air_dodge',NULL,NULL,48,NULL);
INSERT INTO dodges VALUES('jigglypuff','air_dodge',NULL,NULL,49,NULL);
INSERT INTO dodges VALUES('fox','spot_dodge',2,15,22,NULL);
INSERT INTO dodges VALUES('fox','forward_roll',4,19,31,NULL);
INSERT INTO dodges VALUES('fox','back_roll',4,19,31,NULL);
INSERT INTO dodges VALUES('captain_falcon','spot_dodge',3,20,32,NULL);
INSERT INTO dodges VALUES('captain_falcon','forward_roll',4,19,31,NULL);
INSERT INTO dodges VALUES('captain_falcon','back_roll',4,19,31,NULL);
INSERT INTO dodges VALUES('bowser','spot_dodge',4,24,42,NULL);
INSERT INTO dodges VALUES('bowser','forward_roll',4,19,39,NULL);
INSERT INTO dodges VALUES('donkey_kong','spot_dodge',2,23,37,NULL);
INSERT INTO dodges VALUES('donkey_kong','forward_roll',4,19,31,NULL);
INSERT INTO dodges VALUES('donkey_kong','back_roll',4,19,31,NULL);
INSERT INTO dodges VALUES('dr._mario','spot_dodge',2,15,22,NULL);
INSERT INTO dodges VALUES('dr._mario','forward_roll',4,19,31,NULL);
INSERT INTO dodges VALUES('dr._mario','back_roll',4,19,31,NULL);
INSERT INTO dodges VALUES('falco','spot_dodge',2,15,22,NULL);
INSERT INTO dodges VALUES('falco','back_roll',4,19,31,NULL);
INSERT INTO dodges VALUES('falco','forward_roll',4,19,31,NULL);
INSERT INTO dodges VALUES('ganondorf','spot_dodge',2,20,32,NULL);
INSERT INTO dodges VALUES('ganondorf','back_roll',4,19,31,NULL);
INSERT INTO dodges VALUES('ganondorf','forward_roll',4,19,31,NULL);
INSERT INTO dodges VALUES('ice_climbers','spot_dodge',2,18,27,NULL);
INSERT INTO dodges VALUES('ice_climbers','forward_roll',4,19,31,NULL);
INSERT INTO dodges VALUES('ice_climbers','back_roll',4,19,31,NULL);
INSERT INTO dodges VALUES('bowser','back_roll',4,19,39,NULL);
INSERT INTO dodges VALUES('kirby','spot_dodge',2,15,22,NULL);
INSERT INTO dodges VALUES('kirby','back_roll',4,19,31,NULL);
INSERT INTO dodges VALUES('kirby','forward_roll',4,19,31,NULL);
INSERT INTO dodges VALUES('link','spot_dodge',2,15,22,NULL);
INSERT INTO dodges VALUES('link','back_roll',4,19,37,NULL);
INSERT INTO dodges VALUES('link','forward_roll',4,19,37,NULL);
INSERT INTO dodges VALUES('luigi','spot_dodge',2,15,22,NULL);
INSERT INTO dodges VALUES('luigi','back_roll',4,19,31,NULL);
INSERT INTO dodges VALUES('luigi','forward_roll',4,19,31,NULL);
INSERT INTO dodges VALUES('mario','spot_dodge',2,15,22,NULL);
INSERT INTO dodges VALUES('mario','back_roll',4,19,31,NULL);
INSERT INTO dodges VALUES('mario','forward_roll',4,19,31,NULL);
INSERT INTO dodges VALUES('marth','forward_roll',4,19,35,NULL);
INSERT INTO dodges VALUES('marth','back_roll',4,23,35,NULL);
INSERT INTO dodges VALUES('mewtwo','forward_roll',4,22,37,NULL);
INSERT INTO dodges VALUES('mewtwo','back_roll',4,20,37,NULL);
INSERT INTO dodges VALUES('mr._game_&_watch','spot_dodge',2,12,32,NULL);
INSERT INTO dodges VALUES('mr._game_&_watch','back_roll',4,19,35,NULL);
INSERT INTO dodges VALUES('mr._game_&_watch','forward_roll',4,19,35,NULL);
INSERT INTO dodges VALUES('ness','back_roll',4,19,31,NULL);
INSERT INTO dodges VALUES('ness','forward_roll',4,19,31,NULL);
INSERT INTO dodges VALUES('peach','spot_dodge',2,18,27,NULL);
INSERT INTO dodges VALUES('peach','back_roll',4,19,31,NULL);
INSERT INTO dodges VALUES('peach','forward_roll',4,19,31,NULL);
INSERT INTO dodges VALUES('pichu','spot_dodge',2,15,22,NULL);
INSERT INTO dodges VALUES('pichu','back_roll',4,19,31,NULL);
INSERT INTO dodges VALUES('pichu','forward_roll',4,19,31,NULL);
INSERT INTO dodges VALUES('pikachu','spot_dodge',2,15,22,NULL);
INSERT INTO dodges VALUES('pikachu','back_roll',4,19,31,NULL);
INSERT INTO dodges VALUES('pikachu','forward_roll',4,19,31,NULL);
INSERT INTO dodges VALUES('jigglypuff','spot_dodge',2,15,27,NULL);
INSERT INTO dodges VALUES('jigglypuff','forward_roll',2,18,34,NULL);
INSERT INTO dodges VALUES('jigglypuff','back_roll',4,19,34,NULL);
INSERT INTO dodges VALUES('roy','spot_dodge',2,18,27,NULL);
INSERT INTO dodges VALUES('roy','forward_roll',4,19,35,NULL);
INSERT INTO dodges VALUES('roy','back_roll',4,23,35,NULL);
INSERT INTO dodges VALUES('samus','spot_dodge',2,15,22,NULL);
INSERT INTO dodges VALUES('samus','back_roll',4,23,44,NULL);
INSERT INTO dodges VALUES('samus','forward_roll',4,23,44,NULL);
INSERT INTO dodges VALUES('sheik','spot_dodge',2,15,22,NULL);
INSERT INTO dodges VALUES('sheik','back_roll',4,19,31,NULL);
INSERT INTO dodges VALUES('sheik','forward_roll',4,19,31,NULL);
INSERT INTO dodges VALUES('yoshi','spot_dodge',2,15,22,NULL);
INSERT INTO dodges VALUES('yoshi','back_roll',2,38,39,NULL);
INSERT INTO dodges VALUES('yoshi','forward_roll',2,35,36,NULL);
INSERT INTO dodges VALUES('young_link','spot_dodge',2,15,22,NULL);
INSERT INTO dodges VALUES('young_link','back_roll',4,20,38,NULL);
INSERT INTO dodges VALUES('young_link','forward_roll',4,20,38,NULL);
INSERT INTO dodges VALUES('zelda','spot_dodge',3,20,32,NULL);
INSERT INTO dodges VALUES('zelda','back_roll',4,19,31,NULL);
INSERT INTO dodges VALUES('zelda','forward_roll',4,19,31,NULL);
CREATE TABLE misc (
	char VARCHAR(20) NOT NULL, 
	weight INTEGER, 
	gravity FLOAT, 
	walk_speed FLOAT, 
	run_speed FLOAT, 
	wd_length INTEGER, 
	wd_frames INTEGER, 
	jump_squat INTEGER, 
	wall_jump BOOLEAN, 
	notes VARCHAR(200), 
	PRIMARY KEY (char), 
	CHECK (wall_jump IN (0, 1))
);
INSERT INTO misc VALUES('captain_falcon',104,2.89999999999999991,2.0,2.29999999999999982,20,10,4,1,NULL);
INSERT INTO misc VALUES('falco',80,3.10000000000000008,1.89999999999999991,1.5,14,14,5,1,NULL);
INSERT INTO misc VALUES('fox',75,2.79999999999999982,1.89999999999999991,2.20000000000000017,12,15,3,1,NULL);
INSERT INTO misc VALUES('marth',87,2.20000000000000017,1.5,1.80000000000000004,4,4,4,0,NULL);
INSERT INTO misc VALUES('jigglypuff',60,1.30000000000000004,1.39999999999999991,1.10000000000000008,23,9,5,0,NULL);
INSERT INTO misc VALUES('samus',110,1.39999999999999991,1.86000000000000009,1.39999999999999991,10,4,3,1,NULL);
INSERT INTO misc VALUES('sheik',90,2.12999999999999989,1.69999999999999995,1.80000000000000004,18,11,3,1,NULL);
INSERT INTO misc VALUES('peach',90,1.5,1.19999999999999995,1.30000000000000004,25,0,5,0,NULL);
INSERT INTO misc VALUES('pikachu',80,1.89999999999999991,1.80000000000000004,1.80000000000000004,19,13,3,0,NULL);
INSERT INTO misc VALUES('ice_climbers',88,1.60000000000000008,1.39999999999999991,1.39999999999999991,2,13,3,0,NULL);
INSERT INTO misc VALUES('yoshi',108,1.92999999999999993,1.33000000000000007,1.60000000000000008,5,2,5,0,NULL);
INSERT INTO misc VALUES('luigi',100,1.60000000000000008,1.34000000000000008,1.34000000000000008,1,13,4,0,NULL);
INSERT INTO misc VALUES('dr._mario',100,1.69999999999999995,1.5,1.5,7,14,4,0,NULL);
INSERT INTO misc VALUES('mario',100,1.69999999999999995,1.5,1.5,7,13,4,1,NULL);
INSERT INTO misc VALUES('donkey_kong',114,2.39999999999999991,1.60000000000000008,1.60000000000000008,17,7,5,0,NULL);
INSERT INTO misc VALUES('ganondorf',109,2.0,1.30000000000000004,1.35000000000000008,16,4,6,0,NULL);
INSERT INTO misc VALUES('kirby',70,1.60000000000000008,1.39999999999999991,1.39999999999999991,20,12,3,0,NULL);
INSERT INTO misc VALUES('bowser',117,1.89999999999999991,1.0,1.5,13,8,8,0,NULL);
INSERT INTO misc VALUES('link',104,2.12999999999999989,1.30000000000000004,1.30000000000000004,24,9,6,0,NULL);
INSERT INTO misc VALUES('mewtwo',85,1.5,1.39999999999999991,1.39999999999999991,3,1,5,0,NULL);
INSERT INTO misc VALUES('mr._game_&_watch',60,1.69999999999999995,1.5,1.5,7,9,4,0,NULL);
INSERT INTO misc VALUES('ness',94,1.83000000000000007,1.30000000000000004,1.39999999999999991,11,4,4,0,NULL);
INSERT INTO misc VALUES('pichu',55,1.89999999999999991,1.80000000000000004,1.71999999999999997,22,15,3,1,NULL);
INSERT INTO misc VALUES('roy',85,2.39999999999999991,1.39999999999999991,1.61000000000000009,6,5,5,0,NULL);
INSERT INTO misc VALUES('young_link',85,2.12999999999999989,1.80000000000000004,1.60000000000000008,15,13,4,1,NULL);
INSERT INTO misc VALUES('zelda',90,1.39999999999999991,1.10000000000000008,1.10000000000000008,25,2,6,0,NULL);
COMMIT;
